case_id,conflict_idx,condition,n_tokens,errored
0x3f596c9f2da72034,1,no-skill,600,0
0x3f596c9f2da72034,1,skill-v1-sys,924,0
0x3f596c9f2da72034,1,skill-v1-user,945,0
0x68987ef128705b5e,1,no-skill,503,0
0x68987ef128705b5e,1,skill-v1-sys,827,0
0x68987ef128705b5e,1,skill-v1-user,848,0
0x538fa1002b6db1c3,1,no-skill,612,0
0x538fa1002b6db1c3,1,skill-v1-sys,936,0
0x538fa1002b6db1c3,1,skill-v1-user,957,0
0x8dc1a1b4d8d5b08f,1,no-skill,438,0
0x8dc1a1b4d8d5b08f,1,skill-v1-sys,762,0
0x8dc1a1b4d8d5b08f,1,skill-v1-user,783,0
0xfbfbe5ede2d67f78,1,no-skill,515,0
0xfbfbe5ede2d67f78,1,skill-v1-sys,839,0
0xfbfbe5ede2d67f78,1,skill-v1-user,860,0
0x77edb9762bc2d466,1,no-skill,389,0
0x77edb9762bc2d466,1,skill-v1-sys,713,0
0x77edb9762bc2d466,1,skill-v1-user,734,0
0xc4a3f23ea63101bb,1,no-skill,482,0
0xc4a3f23ea63101bb,1,skill-v1-sys,806,0
0xc4a3f23ea63101bb,1,skill-v1-user,827,0
0x8aa0a07c04ab9788,1,no-skill,475,0
0x8aa0a07c04ab9788,1,skill-v1-sys,799,0
0x8aa0a07c04ab9788,1,skill-v1-user,820,0
0x7e726c7c1d0092bb,1,no-skill,505,0
0x7e726c7c1d0092bb,1,skill-v1-sys,829,0
0x7e726c7c1d0092bb,1,skill-v1-user,850,0
0xaec1c7876ad6cfc1,1,no-skill,415,0
0xaec1c7876ad6cfc1,1,skill-v1-sys,739,0
0xaec1c7876ad6cfc1,1,skill-v1-user,760,0
0x316efba4b932bdaa,1,no-skill,1018,0
0x316efba4b932bdaa,1,skill-v1-sys,1342,0
0x316efba4b932bdaa,1,skill-v1-user,1363,0
0x8114a26a50011cdd,1,no-skill,446,0
0x8114a26a50011cdd,1,skill-v1-sys,770,0
0x8114a26a50011cdd,1,skill-v1-user,791,0
0xe19c14c50a278b20,1,no-skill,547,0
0xe19c14c50a278b20,1,skill-v1-sys,871,0
0xe19c14c50a278b20,1,skill-v1-user,892,0
0xb33859055f8d13bc,1,no-skill,636,0
0xb33859055f8d13bc,1,skill-v1-sys,960,0
0xb33859055f8d13bc,1,skill-v1-user,981,0
0xfddd15186c3b70e6,1,no-skill,450,0
0xfddd15186c3b70e6,1,skill-v1-sys,774,0
0xfddd15186c3b70e6,1,skill-v1-user,795,0
0xea165ee3c1c00431,1,no-skill,518,0
0xea165ee3c1c00431,1,skill-v1-sys,842,0
0xea165ee3c1c00431,1,skill-v1-user,863,0
0x169a3bfbe26b6230,1,no-skill,460,0
0x169a3bfbe26b6230,1,skill-v1-sys,784,0
0x169a3bfbe26b6230,1,skill-v1-user,805,0
0xced126658cf60c53,1,no-skill,498,0
0xced126658cf60c53,1,skill-v1-sys,822,0
0xced126658cf60c53,1,skill-v1-user,843,0
0x1afa189bade047d0,1,no-skill,1599,0
0x1afa189bade047d0,1,skill-v1-sys,1923,0
0x1afa189bade047d0,1,skill-v1-user,1944,0
0xc02bcb5e0daf4b90,1,no-skill,475,0
0xc02bcb5e0daf4b90,1,skill-v1-sys,799,0
0xc02bcb5e0daf4b90,1,skill-v1-user,820,0
0x93b3f4f43a781c8f,1,no-skill,566,0
0x93b3f4f43a781c8f,1,skill-v1-sys,890,0
0x93b3f4f43a781c8f,1,skill-v1-user,911,0
0xf142acdf8767b156,1,no-skill,575,0
0xf142acdf8767b156,1,skill-v1-sys,899,0
0xf142acdf8767b156,1,skill-v1-user,920,0
0x3f07da3cd4773f94,1,no-skill,478,0
0x3f07da3cd4773f94,1,skill-v1-sys,802,0
0x3f07da3cd4773f94,1,skill-v1-user,823,0
0xd8e674d681f04126,1,no-skill,879,0
0xd8e674d681f04126,1,skill-v1-sys,1203,0
0xd8e674d681f04126,1,skill-v1-user,1224,0
0x43b524f65eb7ad1d,1,no-skill,443,0
0x43b524f65eb7ad1d,1,skill-v1-sys,767,0
0x43b524f65eb7ad1d,1,skill-v1-user,788,0
0xe64b00b26d7c32ee,1,no-skill,499,0
0xe64b00b26d7c32ee,1,skill-v1-sys,823,0
0xe64b00b26d7c32ee,1,skill-v1-user,844,0
0xe7634bc3a67b39a3,1,no-skill,1011,0
0xe7634bc3a67b39a3,1,skill-v1-sys,1335,0
0xe7634bc3a67b39a3,1,skill-v1-user,1356,0
0xeb3aa2e5c46982a8,1,no-skill,442,0
0xeb3aa2e5c46982a8,1,skill-v1-sys,766,0
0xeb3aa2e5c46982a8,1,skill-v1-user,787,0
0xf49123d11a76db1e,1,no-skill,365,0
0xf49123d11a76db1e,1,skill-v1-sys,689,0
0xf49123d11a76db1e,1,skill-v1-user,710,0
0x7441688fffe12769,1,no-skill,754,0
0x7441688fffe12769,1,skill-v1-sys,1078,0
0x7441688fffe12769,1,skill-v1-user,1099,0
0x2b146fed37b53c99,1,no-skill,864,0
0x2b146fed37b53c99,1,skill-v1-sys,1188,0
0x2b146fed37b53c99,1,skill-v1-user,1209,0
0x1c9e428cfa2cbf33,1,no-skill,911,0
0x1c9e428cfa2cbf33,1,skill-v1-sys,1235,0
0x1c9e428cfa2cbf33,1,skill-v1-user,1256,0
0xc74b9e4434e24924,1,no-skill,606,0
0xc74b9e4434e24924,1,skill-v1-sys,930,0
0xc74b9e4434e24924,1,skill-v1-user,951,0
0x94fbe24ce8c26179,1,no-skill,1114,0
0x94fbe24ce8c26179,1,skill-v1-sys,1438,0
0x94fbe24ce8c26179,1,skill-v1-user,1459,0
0x6e40b71a6a980610,1,no-skill,425,0
0x6e40b71a6a980610,1,skill-v1-sys,749,0
0x6e40b71a6a980610,1,skill-v1-user,770,0
0x3552ce30e6b3e179,1,no-skill,523,0
0x3552ce30e6b3e179,1,skill-v1-sys,847,0
0x3552ce30e6b3e179,1,skill-v1-user,868,0
0x499bb35f30efdff0,1,no-skill,719,0
0x499bb35f30efdff0,1,skill-v1-sys,1043,0
0x499bb35f30efdff0,1,skill-v1-user,1064,0
0x32ff95d828641be0,1,no-skill,1427,0
0x32ff95d828641be0,1,skill-v1-sys,1751,0
0x32ff95d828641be0,1,skill-v1-user,1772,0
0xe7a293512f63e959,1,no-skill,578,0
0xe7a293512f63e959,1,skill-v1-sys,902,0
0xe7a293512f63e959,1,skill-v1-user,923,0
0x3c6bfea82e909fff,1,no-skill,36246,1
0x3c6bfea82e909fff,1,skill-v1-sys,36570,1
0x3c6bfea82e909fff,1,skill-v1-user,36591,1
0x61946fbdd3d5a8b9,1,no-skill,11798,0
0x61946fbdd3d5a8b9,1,skill-v1-sys,12122,0
0x61946fbdd3d5a8b9,1,skill-v1-user,12143,0
0x64a98aa45219b8c0,1,no-skill,27010,0
0x64a98aa45219b8c0,1,skill-v1-sys,27334,0
0x64a98aa45219b8c0,1,skill-v1-user,27355,0
0xa2336f4295120fe9,1,no-skill,6094,0
0xa2336f4295120fe9,1,skill-v1-sys,6418,0
0xa2336f4295120fe9,1,skill-v1-user,6439,0
0x80808a1179ee4134,1,no-skill,2534,0
0x80808a1179ee4134,1,skill-v1-sys,2858,0
0x80808a1179ee4134,1,skill-v1-user,2879,0
0x67720ded2b764e66,1,no-skill,20898,0
0x67720ded2b764e66,1,skill-v1-sys,21222,0
0x67720ded2b764e66,1,skill-v1-user,21243,0
0xa876b855f9809bb2,1,no-skill,1170,0
0xa876b855f9809bb2,1,skill-v1-sys,1494,0
0xa876b855f9809bb2,1,skill-v1-user,1515,0
0xcae5a1cb00270bcc,1,no-skill,5554,0
0xcae5a1cb00270bcc,1,skill-v1-sys,5878,0
0xcae5a1cb00270bcc,1,skill-v1-user,5899,0
0x442dc794e16ce24,1,no-skill,6482,0
0x442dc794e16ce24,1,skill-v1-sys,6806,0
0x442dc794e16ce24,1,skill-v1-user,6827,0
0x3c559dfa4d26b309,1,no-skill,6010,0
0x3c559dfa4d26b309,1,skill-v1-sys,6334,0
0x3c559dfa4d26b309,1,skill-v1-user,6355,0
0x36fc912664c75dda,1,no-skill,32390,1
0x36fc912664c75dda,1,skill-v1-sys,32714,1
0x36fc912664c75dda,1,skill-v1-user,32735,1
0xcc9ada5389241616,1,no-skill,7826,0
0xcc9ada5389241616,1,skill-v1-sys,8150,0
0xcc9ada5389241616,1,skill-v1-user,8171,0
0x566219815f47e170,1,no-skill,353,0
0x566219815f47e170,1,skill-v1-sys,677,0
0x566219815f47e170,1,skill-v1-user,698,0
0x129fdf4d43bc574,1,no-skill,617,0
0x129fdf4d43bc574,1,skill-v1-sys,941,0
0x129fdf4d43bc574,1,skill-v1-user,962,0
0xcc58aa7405057a6e,1,no-skill,563,0
0xcc58aa7405057a6e,1,skill-v1-sys,887,0
0xcc58aa7405057a6e,1,skill-v1-user,908,0
0x22df6c429aa698a,1,no-skill,389,0
0x22df6c429aa698a,1,skill-v1-sys,713,0
0x22df6c429aa698a,1,skill-v1-user,734,0
0xcc13c1de9063d717,1,no-skill,562,0
0xcc13c1de9063d717,1,skill-v1-sys,886,0
0xcc13c1de9063d717,1,skill-v1-user,907,0
0x58e68bca4bac4ef6,1,no-skill,767,0
0x58e68bca4bac4ef6,1,skill-v1-sys,1091,0
0x58e68bca4bac4ef6,1,skill-v1-user,1112,0
0x6d58516ff5205a0f,1,no-skill,554,0
0x6d58516ff5205a0f,1,skill-v1-sys,878,0
0x6d58516ff5205a0f,1,skill-v1-user,899,0
0xdceea867fe27fb1f,1,no-skill,468,0
0xdceea867fe27fb1f,1,skill-v1-sys,792,0
0xdceea867fe27fb1f,1,skill-v1-user,813,0
0xb4031134232948d0,1,no-skill,767,0
0xb4031134232948d0,1,skill-v1-sys,1091,0
0xb4031134232948d0,1,skill-v1-user,1112,0
0xf2fa4ac515a8a414,1,no-skill,1228,0
0xf2fa4ac515a8a414,1,skill-v1-sys,1552,0
0xf2fa4ac515a8a414,1,skill-v1-user,1573,0
0x7796d5de7bf3f6ad,1,no-skill,472,0
0x7796d5de7bf3f6ad,1,skill-v1-sys,796,0
0x7796d5de7bf3f6ad,1,skill-v1-user,817,0
0x9246ff858eacab21,1,no-skill,550,0
0x9246ff858eacab21,1,skill-v1-sys,874,0
0x9246ff858eacab21,1,skill-v1-user,895,0
0x8ab0eef32155c358,1,no-skill,500,0
0x8ab0eef32155c358,1,skill-v1-sys,824,0
0x8ab0eef32155c358,1,skill-v1-user,845,0
0xeb59b634107b3705,1,no-skill,450,0
0xeb59b634107b3705,1,skill-v1-sys,774,0
0xeb59b634107b3705,1,skill-v1-user,795,0
0x151cb3267630e8a9,1,no-skill,628,0
0x151cb3267630e8a9,1,skill-v1-sys,952,0
0x151cb3267630e8a9,1,skill-v1-user,973,0
0x67227c4eec67f456,1,no-skill,673,0
0x67227c4eec67f456,1,skill-v1-sys,997,0
0x67227c4eec67f456,1,skill-v1-user,1018,0
0xc5e3242251f9dd20,1,no-skill,420,0
0xc5e3242251f9dd20,1,skill-v1-sys,744,0
0xc5e3242251f9dd20,1,skill-v1-user,765,0
0xd04ef4728616a932,1,no-skill,378,0
0xd04ef4728616a932,1,skill-v1-sys,702,0
0xd04ef4728616a932,1,skill-v1-user,723,0
0x18ecc52a5d76fe93,1,no-skill,560,0
0x18ecc52a5d76fe93,1,skill-v1-sys,884,0
0x18ecc52a5d76fe93,1,skill-v1-user,905,0
0x7af4ff66f3c1bc52,1,no-skill,1526,0
0x7af4ff66f3c1bc52,1,skill-v1-sys,1850,0
0x7af4ff66f3c1bc52,1,skill-v1-user,1871,0
0xd76051167db33e0d,1,no-skill,810,1
0xd76051167db33e0d,1,skill-v1-sys,1134,1
0xd76051167db33e0d,1,skill-v1-user,1155,1
0x1f17fc236bd2ca47,1,no-skill,716,1
0x1f17fc236bd2ca47,1,skill-v1-sys,1040,1
0x1f17fc236bd2ca47,1,skill-v1-user,1061,1
0x7d051ba5578ccbe5,1,no-skill,463,1
0x7d051ba5578ccbe5,1,skill-v1-sys,787,1
0x7d051ba5578ccbe5,1,skill-v1-user,808,1
0x8e0710f73621f7,1,no-skill,564,1
0x8e0710f73621f7,1,skill-v1-sys,888,1
0x8e0710f73621f7,1,skill-v1-user,909,1
0x24060b8f0b4825c3,1,no-skill,629,1
0x24060b8f0b4825c3,1,skill-v1-sys,953,1
0x24060b8f0b4825c3,1,skill-v1-user,974,1
0xd08e7aeb09d3af7b,1,no-skill,927,1
0xd08e7aeb09d3af7b,1,skill-v1-sys,1251,1
0xd08e7aeb09d3af7b,1,skill-v1-user,1272,1
0x84bee6d563ffb40f,1,no-skill,690,1
0x84bee6d563ffb40f,1,skill-v1-sys,1014,1
0x84bee6d563ffb40f,1,skill-v1-user,1035,1
0x429876f7391e4a4f,1,no-skill,370,1
0x429876f7391e4a4f,1,skill-v1-sys,694,1
0x429876f7391e4a4f,1,skill-v1-user,715,1
0x8ed0d9b0803f5f0e,1,no-skill,1041,1
0x8ed0d9b0803f5f0e,1,skill-v1-sys,1365,1
0x8ed0d9b0803f5f0e,1,skill-v1-user,1386,1
0xb179e11ea1f8c29b,1,no-skill,546,1
0xb179e11ea1f8c29b,1,skill-v1-sys,870,1
0xb179e11ea1f8c29b,1,skill-v1-user,891,1
0xdd2c97e79b2d48e1,1,no-skill,463,1
0xdd2c97e79b2d48e1,1,skill-v1-sys,787,1
0xdd2c97e79b2d48e1,1,skill-v1-user,808,1
0xbe2a39280ef32b2f,1,no-skill,942,1
0xbe2a39280ef32b2f,1,skill-v1-sys,1266,1
0xbe2a39280ef32b2f,1,skill-v1-user,1287,1
0x14b797ad09093793,1,no-skill,2901,1
0x14b797ad09093793,1,skill-v1-sys,3225,1
0x14b797ad09093793,1,skill-v1-user,3246,1
0x184cb17806facc66,1,no-skill,455,1
0x184cb17806facc66,1,skill-v1-sys,779,1
0x184cb17806facc66,1,skill-v1-user,800,1
0x809e13a96a8dd003,1,no-skill,571,1
0x809e13a96a8dd003,1,skill-v1-sys,895,1
0x809e13a96a8dd003,1,skill-v1-user,916,1
0x8b9b5cbc31702434,1,no-skill,423,1
0x8b9b5cbc31702434,1,skill-v1-sys,747,1
0x8b9b5cbc31702434,1,skill-v1-user,768,1
0xabc6b7aa7acd7e1c,1,no-skill,714,1
0xabc6b7aa7acd7e1c,1,skill-v1-sys,1038,1
0xabc6b7aa7acd7e1c,1,skill-v1-user,1059,1
0xe7afd9e7a6d762e0,1,no-skill,3087,0
0xe7afd9e7a6d762e0,1,skill-v1-sys,3411,0
0xe7afd9e7a6d762e0,1,skill-v1-user,3432,0
0xfe73592db8c6fca5,1,no-skill,499,0
0xfe73592db8c6fca5,1,skill-v1-sys,823,0
0xfe73592db8c6fca5,1,skill-v1-user,844,0
0xb2d296ebf86d85e9,1,no-skill,446,0
0xb2d296ebf86d85e9,1,skill-v1-sys,770,0
0xb2d296ebf86d85e9,1,skill-v1-user,791,0
0x6f8fa2e1ab7b9ee3,1,no-skill,408,0
0x6f8fa2e1ab7b9ee3,1,skill-v1-sys,732,0
0x6f8fa2e1ab7b9ee3,1,skill-v1-user,753,0
0xcd87a1506b573873,1,no-skill,664,0
0xcd87a1506b573873,1,skill-v1-sys,988,0
0xcd87a1506b573873,1,skill-v1-user,1009,0
0xffe96cc3c71c3d29,1,no-skill,671,0
0xffe96cc3c71c3d29,1,skill-v1-sys,995,0
0xffe96cc3c71c3d29,1,skill-v1-user,1016,0
0x24db97366bde1696,1,no-skill,718,0
0x24db97366bde1696,1,skill-v1-sys,1042,0
0x24db97366bde1696,1,skill-v1-user,1063,0
0x14269ef138048e4e,1,no-skill,450,0
0x14269ef138048e4e,1,skill-v1-sys,774,0
0x14269ef138048e4e,1,skill-v1-user,795,0
0xc19507510d685e14,1,no-skill,626,0
0xc19507510d685e14,1,skill-v1-sys,950,0
0xc19507510d685e14,1,skill-v1-user,971,0
0xfa3649e8d0cbbb63,1,no-skill,989,0
0xfa3649e8d0cbbb63,1,skill-v1-sys,1313,0
0xfa3649e8d0cbbb63,1,skill-v1-user,1334,0
0xf3c68e8cead68254,1,no-skill,463,0
0xf3c68e8cead68254,1,skill-v1-sys,787,0
0xf3c68e8cead68254,1,skill-v1-user,808,0
0x660b20f69e6ec8ea,1,no-skill,536,0
0x660b20f69e6ec8ea,1,skill-v1-sys,860,0
0x660b20f69e6ec8ea,1,skill-v1-user,881,0
0xc22a1d6858e09cfa,1,no-skill,508,0
0xc22a1d6858e09cfa,1,skill-v1-sys,832,0
0xc22a1d6858e09cfa,1,skill-v1-user,853,0
0xff43b50e0a400556,1,no-skill,495,0
0xff43b50e0a400556,1,skill-v1-sys,819,0
0xff43b50e0a400556,1,skill-v1-user,840,0
0x2a3ed3e83a3dcdd5,1,no-skill,426,0
0x2a3ed3e83a3dcdd5,1,skill-v1-sys,750,0
0x2a3ed3e83a3dcdd5,1,skill-v1-user,771,0
0xb9a482173c3012dd,1,no-skill,434,0
0xb9a482173c3012dd,1,skill-v1-sys,758,0
0xb9a482173c3012dd,1,skill-v1-user,779,0
0x5fdb1cddefc9ee0a,1,no-skill,529,0
0x5fdb1cddefc9ee0a,1,skill-v1-sys,853,0
0x5fdb1cddefc9ee0a,1,skill-v1-user,874,0
0xd8528ee79c729cd6,1,no-skill,610,0
0xd8528ee79c729cd6,1,skill-v1-sys,934,0
0xd8528ee79c729cd6,1,skill-v1-user,955,0
0xa13bc3f2180313b1,1,no-skill,416,0
0xa13bc3f2180313b1,1,skill-v1-sys,740,0
0xa13bc3f2180313b1,1,skill-v1-user,761,0
0x6be3a26bd58bde96,1,no-skill,581,0
0x6be3a26bd58bde96,1,skill-v1-sys,905,0
0x6be3a26bd58bde96,1,skill-v1-user,926,0
0x91d0db24b8f96501,1,no-skill,642,0
0x91d0db24b8f96501,1,skill-v1-sys,966,0
0x91d0db24b8f96501,1,skill-v1-user,987,0
0x850cafa75091082,1,no-skill,521,0
0x850cafa75091082,1,skill-v1-sys,845,0
0x850cafa75091082,1,skill-v1-user,866,0
0x2a831900d659c38c,1,no-skill,488,0
0x2a831900d659c38c,1,skill-v1-sys,812,0
0x2a831900d659c38c,1,skill-v1-user,833,0
0xcf2259378a0c65f5,1,no-skill,639,0
0xcf2259378a0c65f5,1,skill-v1-sys,963,0
0xcf2259378a0c65f5,1,skill-v1-user,984,0
0x5c748d057d3d9da,1,no-skill,564,0
0x5c748d057d3d9da,1,skill-v1-sys,888,0
0x5c748d057d3d9da,1,skill-v1-user,909,0
0x881aa0f8da68085e,1,no-skill,737,0
0x881aa0f8da68085e,1,skill-v1-sys,1061,0
0x881aa0f8da68085e,1,skill-v1-user,1082,0
0x57961d7d56d64be,1,no-skill,495,0
0x57961d7d56d64be,1,skill-v1-sys,819,0
0x57961d7d56d64be,1,skill-v1-user,840,0
0x715209b2c9d70179,1,no-skill,1236,0
0x715209b2c9d70179,1,skill-v1-sys,1560,0
0x715209b2c9d70179,1,skill-v1-user,1581,0
0x1e68c03d4d6aea77,1,no-skill,404,0
0x1e68c03d4d6aea77,1,skill-v1-sys,728,0
0x1e68c03d4d6aea77,1,skill-v1-user,749,0
0xe0254f8df0fde9bd,1,no-skill,505,0
0xe0254f8df0fde9bd,1,skill-v1-sys,829,0
0xe0254f8df0fde9bd,1,skill-v1-user,850,0
0x85eddb053288356,1,no-skill,556,0
0x85eddb053288356,1,skill-v1-sys,880,0
0x85eddb053288356,1,skill-v1-user,901,0
0x37d5b6179e6f15ab,1,no-skill,1201,0
0x37d5b6179e6f15ab,1,skill-v1-sys,1525,0
0x37d5b6179e6f15ab,1,skill-v1-user,1546,0
0xd07abbc72ed55098,1,no-skill,400,0
0xd07abbc72ed55098,1,skill-v1-sys,724,0
0xd07abbc72ed55098,1,skill-v1-user,745,0
0x9962b51da2af3d49,1,no-skill,411,0
0x9962b51da2af3d49,1,skill-v1-sys,735,0
0x9962b51da2af3d49,1,skill-v1-user,756,0
0x8403c5a79bac3b71,1,no-skill,480,0
0x8403c5a79bac3b71,1,skill-v1-sys,804,0
0x8403c5a79bac3b71,1,skill-v1-user,825,0
0x177d58df31da2558,1,no-skill,893,0
0x177d58df31da2558,1,skill-v1-sys,1217,0
0x177d58df31da2558,1,skill-v1-user,1238,0
0x19f93406e8d2cf9f,1,no-skill,449,0
0x19f93406e8d2cf9f,1,skill-v1-sys,773,0
0x19f93406e8d2cf9f,1,skill-v1-user,794,0
0x2081a81f15a022c0,1,no-skill,822,0
0x2081a81f15a022c0,1,skill-v1-sys,1146,0
0x2081a81f15a022c0,1,skill-v1-user,1167,0
0x841a23836475181c,1,no-skill,639,0
0x841a23836475181c,1,skill-v1-sys,963,0
0x841a23836475181c,1,skill-v1-user,984,0
0x63f5f8bd51295291,1,no-skill,564,0
0x63f5f8bd51295291,1,skill-v1-sys,888,0
0x63f5f8bd51295291,1,skill-v1-user,909,0
0xc1f5413ebff6b3e8,1,no-skill,515,0
0xc1f5413ebff6b3e8,1,skill-v1-sys,839,0
0xc1f5413ebff6b3e8,1,skill-v1-user,860,0
0x5d813d8b39432ea5,1,no-skill,461,0
0x5d813d8b39432ea5,1,skill-v1-sys,785,0
0x5d813d8b39432ea5,1,skill-v1-user,806,0
0xd36eb52330fc557,1,no-skill,735,0
0xd36eb52330fc557,1,skill-v1-sys,1059,0
0xd36eb52330fc557,1,skill-v1-user,1080,0
0x5546882a8d780b61,1,no-skill,559,0
0x5546882a8d780b61,1,skill-v1-sys,883,0
0x5546882a8d780b61,1,skill-v1-user,904,0
0xfb931da61653350e,1,no-skill,490,0
0xfb931da61653350e,1,skill-v1-sys,814,0
0xfb931da61653350e,1,skill-v1-user,835,0
0xdb268ac97096c5a2,1,no-skill,417,0
0xdb268ac97096c5a2,1,skill-v1-sys,741,0
0xdb268ac97096c5a2,1,skill-v1-user,762,0
0xbb56e77eb589c49a,1,no-skill,467,0
0xbb56e77eb589c49a,1,skill-v1-sys,791,0
0xbb56e77eb589c49a,1,skill-v1-user,812,0
0xc4730e0119ed499,1,no-skill,422,0
0xc4730e0119ed499,1,skill-v1-sys,746,0
0xc4730e0119ed499,1,skill-v1-user,767,0
0x6355b919b76abe1a,1,no-skill,574,0
0x6355b919b76abe1a,1,skill-v1-sys,898,0
0x6355b919b76abe1a,1,skill-v1-user,919,0
0xb29a868e4acf4026,1,no-skill,430,0
0xb29a868e4acf4026,1,skill-v1-sys,754,0
0xb29a868e4acf4026,1,skill-v1-user,775,0
0xdff6d14d43eb62c8,1,no-skill,551,0
0xdff6d14d43eb62c8,1,skill-v1-sys,875,0
0xdff6d14d43eb62c8,1,skill-v1-user,896,0
0x3d604188ee059f4a,1,no-skill,557,0
0x3d604188ee059f4a,1,skill-v1-sys,881,0
0x3d604188ee059f4a,1,skill-v1-user,902,0
0xa4989adfac6a7807,1,no-skill,413,0
0xa4989adfac6a7807,1,skill-v1-sys,737,0
0xa4989adfac6a7807,1,skill-v1-user,758,0
0xd7f34a377c681a49,1,no-skill,495,0
0xd7f34a377c681a49,1,skill-v1-sys,819,0
0xd7f34a377c681a49,1,skill-v1-user,840,0
0x4d88ae8e69ba37c4,1,no-skill,1436,0
0x4d88ae8e69ba37c4,1,skill-v1-sys,1760,0
0x4d88ae8e69ba37c4,1,skill-v1-user,1781,0
0x40b09c4a8d30bfc8,1,no-skill,733,0
0x40b09c4a8d30bfc8,1,skill-v1-sys,1057,0
0x40b09c4a8d30bfc8,1,skill-v1-user,1078,0
0x355f08a0054efc19,1,no-skill,671,0
0x355f08a0054efc19,1,skill-v1-sys,995,0
0x355f08a0054efc19,1,skill-v1-user,1016,0
0xd29208b65852996d,1,no-skill,677,0
0xd29208b65852996d,1,skill-v1-sys,1001,0
0xd29208b65852996d,1,skill-v1-user,1022,0
0xa1db3b0a9b53138f,1,no-skill,801,0
0xa1db3b0a9b53138f,1,skill-v1-sys,1125,0
0xa1db3b0a9b53138f,1,skill-v1-user,1146,0
0x1bfc93248326a554,1,no-skill,510,0
0x1bfc93248326a554,1,skill-v1-sys,834,0
0x1bfc93248326a554,1,skill-v1-user,855,0
0x7a457c403cfa15d7,1,no-skill,454,0
0x7a457c403cfa15d7,1,skill-v1-sys,778,0
0x7a457c403cfa15d7,1,skill-v1-user,799,0
0x85635d607b3787a4,1,no-skill,1341,0
0x85635d607b3787a4,1,skill-v1-sys,1665,0
0x85635d607b3787a4,1,skill-v1-user,1686,0
0x29d4e35121cd515f,1,no-skill,456,0
0x29d4e35121cd515f,1,skill-v1-sys,780,0
0x29d4e35121cd515f,1,skill-v1-user,801,0
0x8f5d7f73e3ae9715,1,no-skill,404,0
0x8f5d7f73e3ae9715,1,skill-v1-sys,728,0
0x8f5d7f73e3ae9715,1,skill-v1-user,749,0
0x841fbacee7b47309,1,no-skill,400,0
0x841fbacee7b47309,1,skill-v1-sys,724,0
0x841fbacee7b47309,1,skill-v1-user,745,0
0xae6313c884f3d683,1,no-skill,631,0
0xae6313c884f3d683,1,skill-v1-sys,955,0
0xae6313c884f3d683,1,skill-v1-user,976,0
0x78337d3ef04b87c4,1,no-skill,1236,0
0x78337d3ef04b87c4,1,skill-v1-sys,1560,0
0x78337d3ef04b87c4,1,skill-v1-user,1581,0
0x2397149a4d9acbfc,1,no-skill,404,0
0x2397149a4d9acbfc,1,skill-v1-sys,728,0
0x2397149a4d9acbfc,1,skill-v1-user,749,0
0x9eeef1f49b883827,1,no-skill,695,0
0x9eeef1f49b883827,1,skill-v1-sys,1019,0
0x9eeef1f49b883827,1,skill-v1-user,1040,0
0xb049b3ae105a407c,1,no-skill,381,0
0xb049b3ae105a407c,1,skill-v1-sys,705,0
0xb049b3ae105a407c,1,skill-v1-user,726,0
0x99aec6da099eb94b,1,no-skill,615,0
0x99aec6da099eb94b,1,skill-v1-sys,939,0
0x99aec6da099eb94b,1,skill-v1-user,960,0
0xf7ecea75609151b,1,no-skill,411,0
0xf7ecea75609151b,1,skill-v1-sys,735,0
0xf7ecea75609151b,1,skill-v1-user,756,0
0x32e1395ec4158411,1,no-skill,940,0
0x32e1395ec4158411,1,skill-v1-sys,1264,0
0x32e1395ec4158411,1,skill-v1-user,1285,0
0xfe9608288ef3f278,1,no-skill,556,0
0xfe9608288ef3f278,1,skill-v1-sys,880,0
0xfe9608288ef3f278,1,skill-v1-user,901,0
0x4ddf4c4a8ce64b7c,1,no-skill,485,0
0x4ddf4c4a8ce64b7c,1,skill-v1-sys,809,0
0x4ddf4c4a8ce64b7c,1,skill-v1-user,830,0
0x8701d9fb11efe3cf,1,no-skill,520,0
0x8701d9fb11efe3cf,1,skill-v1-sys,844,0
0x8701d9fb11efe3cf,1,skill-v1-user,865,0
0x1ae7d3b6884d3e33,1,no-skill,476,0
0x1ae7d3b6884d3e33,1,skill-v1-sys,800,0
0x1ae7d3b6884d3e33,1,skill-v1-user,821,0
0x36ad4c8c459703de,1,no-skill,470,0
0x36ad4c8c459703de,1,skill-v1-sys,794,0
0x36ad4c8c459703de,1,skill-v1-user,815,0
0xaff694b43630250,1,no-skill,614,0
0xaff694b43630250,1,skill-v1-sys,938,0
0xaff694b43630250,1,skill-v1-user,959,0
0x860b741c5e4d6137,1,no-skill,544,0
0x860b741c5e4d6137,1,skill-v1-sys,868,0
0x860b741c5e4d6137,1,skill-v1-user,889,0
0x1a00c2cbdd1eedff,1,no-skill,389,0
0x1a00c2cbdd1eedff,1,skill-v1-sys,713,0
0x1a00c2cbdd1eedff,1,skill-v1-user,734,0
0xac909bb0f5346d28,1,no-skill,530,0
0xac909bb0f5346d28,1,skill-v1-sys,854,0
0xac909bb0f5346d28,1,skill-v1-user,875,0
0xb8efb3727db3aad,1,no-skill,801,0
0xb8efb3727db3aad,1,skill-v1-sys,1125,0
0xb8efb3727db3aad,1,skill-v1-user,1146,0
0xd26203a216e00903,1,no-skill,695,0
0xd26203a216e00903,1,skill-v1-sys,1019,0
0xd26203a216e00903,1,skill-v1-user,1040,0
0x18948cfdf98e7286,1,no-skill,501,0
0x18948cfdf98e7286,1,skill-v1-sys,825,0
0x18948cfdf98e7286,1,skill-v1-user,846,0
0xe48a63f764a90173,1,no-skill,428,0
0xe48a63f764a90173,1,skill-v1-sys,752,0
0xe48a63f764a90173,1,skill-v1-user,773,0
0x561b75772719786e,1,no-skill,498,0
0x561b75772719786e,1,skill-v1-sys,822,0
0x561b75772719786e,1,skill-v1-user,843,0
0x83b21f28e9e380bc,1,no-skill,446,0
0x83b21f28e9e380bc,1,skill-v1-sys,770,0
0x83b21f28e9e380bc,1,skill-v1-user,791,0
0x42f4bea5f118f1e5,1,no-skill,527,0
0x42f4bea5f118f1e5,1,skill-v1-sys,851,0
0x42f4bea5f118f1e5,1,skill-v1-user,872,0
0x9d3d4a381917d3a1,1,no-skill,397,0
0x9d3d4a381917d3a1,1,skill-v1-sys,721,0
0x9d3d4a381917d3a1,1,skill-v1-user,742,0
0x2b5cff3b5bd7f58a,1,no-skill,1291,0
0x2b5cff3b5bd7f58a,1,skill-v1-sys,1615,0
0x2b5cff3b5bd7f58a,1,skill-v1-user,1636,0
0x14c97670ecb87225,1,no-skill,488,0
0x14c97670ecb87225,1,skill-v1-sys,812,0
0x14c97670ecb87225,1,skill-v1-user,833,0
0xf692a503a3f19391,1,no-skill,598,0
0xf692a503a3f19391,1,skill-v1-sys,922,0
0xf692a503a3f19391,1,skill-v1-user,943,0
0x2c619247ac4d41d0,1,no-skill,659,0
0x2c619247ac4d41d0,1,skill-v1-sys,983,0
0x2c619247ac4d41d0,1,skill-v1-user,1004,0
0x36a5e44e7554ff9d,1,no-skill,572,0
0x36a5e44e7554ff9d,1,skill-v1-sys,896,0
0x36a5e44e7554ff9d,1,skill-v1-user,917,0
0xe6d0c1ea041615fc,1,no-skill,630,0
0xe6d0c1ea041615fc,1,skill-v1-sys,954,0
0xe6d0c1ea041615fc,1,skill-v1-user,975,0
0x38d0f371af408716,1,no-skill,416,0
0x38d0f371af408716,1,skill-v1-sys,740,0
0x38d0f371af408716,1,skill-v1-user,761,0
0xf108420bbffdbff6,1,no-skill,563,0
0xf108420bbffdbff6,1,skill-v1-sys,887,0
0xf108420bbffdbff6,1,skill-v1-user,908,0
0x52e8126ecd5abed6,1,no-skill,848,0
0x52e8126ecd5abed6,1,skill-v1-sys,1172,0
0x52e8126ecd5abed6,1,skill-v1-user,1193,0
0x90944a6a683c4a0,1,no-skill,925,0
0x90944a6a683c4a0,1,skill-v1-sys,1249,0
0x90944a6a683c4a0,1,skill-v1-user,1270,0
0xf9ee0c3f54223fc1,1,no-skill,589,0
0xf9ee0c3f54223fc1,1,skill-v1-sys,913,0
0xf9ee0c3f54223fc1,1,skill-v1-user,934,0
0xd0af4ae1fff37bf3,1,no-skill,641,0
0xd0af4ae1fff37bf3,1,skill-v1-sys,965,0
0xd0af4ae1fff37bf3,1,skill-v1-user,986,0
0x8174e49b831a1fc4,1,no-skill,461,0
0x8174e49b831a1fc4,1,skill-v1-sys,785,0
0x8174e49b831a1fc4,1,skill-v1-user,806,0
0x88b4696a9613f3ec,1,no-skill,812,0
0x88b4696a9613f3ec,1,skill-v1-sys,1136,0
0x88b4696a9613f3ec,1,skill-v1-user,1157,0
0x1150ce1541e0163a,1,no-skill,424,0
0x1150ce1541e0163a,1,skill-v1-sys,748,0
0x1150ce1541e0163a,1,skill-v1-user,769,0
0x1b369128e20fcf5d,1,no-skill,408,0
0x1b369128e20fcf5d,1,skill-v1-sys,732,0
0x1b369128e20fcf5d,1,skill-v1-user,753,0
0x340ab25360f9baf6,1,no-skill,638,0
0x340ab25360f9baf6,1,skill-v1-sys,962,0
0x340ab25360f9baf6,1,skill-v1-user,983,0
0xdeeefcd36fbb63bb,1,no-skill,516,0
0xdeeefcd36fbb63bb,1,skill-v1-sys,840,0
0xdeeefcd36fbb63bb,1,skill-v1-user,861,0
0x75cc66754741062d,1,no-skill,761,0
0x75cc66754741062d,1,skill-v1-sys,1085,0
0x75cc66754741062d,1,skill-v1-user,1106,0
0xd5d200ec02a2d705,1,no-skill,495,0
0xd5d200ec02a2d705,1,skill-v1-sys,819,0
0xd5d200ec02a2d705,1,skill-v1-user,840,0
0x7b68e62a841fe4af,1,no-skill,9576,0
0x7b68e62a841fe4af,1,skill-v1-sys,9900,0
0x7b68e62a841fe4af,1,skill-v1-user,9921,0
0xcc8aae107dc2c4ce,1,no-skill,426,0
0xcc8aae107dc2c4ce,1,skill-v1-sys,750,0
0xcc8aae107dc2c4ce,1,skill-v1-user,771,0
0x37b95b4c06be4e29,1,no-skill,448,0
0x37b95b4c06be4e29,1,skill-v1-sys,772,0
0x37b95b4c06be4e29,1,skill-v1-user,793,0
0x6250819211b89297,1,no-skill,626,0
0x6250819211b89297,1,skill-v1-sys,950,0
0x6250819211b89297,1,skill-v1-user,971,0
0x2495719aaa9f5b4e,1,no-skill,425,0
0x2495719aaa9f5b4e,1,skill-v1-sys,749,0
0x2495719aaa9f5b4e,1,skill-v1-user,770,0
0x44d2d7e29d5129a5,1,no-skill,701,0
0x44d2d7e29d5129a5,1,skill-v1-sys,1025,0
0x44d2d7e29d5129a5,1,skill-v1-user,1046,0
0xc5fa1b53a03240eb,1,no-skill,474,0
0xc5fa1b53a03240eb,1,skill-v1-sys,798,0
0xc5fa1b53a03240eb,1,skill-v1-user,819,0
0x232540b03957bf27,1,no-skill,461,0
0x232540b03957bf27,1,skill-v1-sys,785,0
0x232540b03957bf27,1,skill-v1-user,806,0
0xeb77bb6b3e2378bd,1,no-skill,1557,0
0xeb77bb6b3e2378bd,1,skill-v1-sys,1881,0
0xeb77bb6b3e2378bd,1,skill-v1-user,1902,0
0xca4ceebd9563ca94,1,no-skill,401,0
0xca4ceebd9563ca94,1,skill-v1-sys,725,0
0xca4ceebd9563ca94,1,skill-v1-user,746,0
0xc29dded219660394,1,no-skill,422,0
0xc29dded219660394,1,skill-v1-sys,746,0
0xc29dded219660394,1,skill-v1-user,767,0
0x5d5a240020535f7e,1,no-skill,930,0
0x5d5a240020535f7e,1,skill-v1-sys,1254,0
0x5d5a240020535f7e,1,skill-v1-user,1275,0
0xaf00105ac2845dd6,1,no-skill,418,0
0xaf00105ac2845dd6,1,skill-v1-sys,742,0
0xaf00105ac2845dd6,1,skill-v1-user,763,0
0x5831de3f04934bb4,1,no-skill,428,0
0x5831de3f04934bb4,1,skill-v1-sys,752,0
0x5831de3f04934bb4,1,skill-v1-user,773,0
0xb4f7e8996efa95ef,1,no-skill,916,0
0xb4f7e8996efa95ef,1,skill-v1-sys,1240,0
0xb4f7e8996efa95ef,1,skill-v1-user,1261,0
0xe52da69f99db2492,1,no-skill,892,0
0xe52da69f99db2492,1,skill-v1-sys,1216,0
0xe52da69f99db2492,1,skill-v1-user,1237,0
0x136e2e88e3e7f17d,1,no-skill,888,0
0x136e2e88e3e7f17d,1,skill-v1-sys,1212,0
0x136e2e88e3e7f17d,1,skill-v1-user,1233,0
0x89794307b8ffef7f,1,no-skill,417,0
0x89794307b8ffef7f,1,skill-v1-sys,741,0
0x89794307b8ffef7f,1,skill-v1-user,762,0
0x778c7561289aec68,1,no-skill,490,0
0x778c7561289aec68,1,skill-v1-sys,814,0
0x778c7561289aec68,1,skill-v1-user,835,0
0x7c443bf660fcb416,1,no-skill,639,0
0x7c443bf660fcb416,1,skill-v1-sys,963,0
0x7c443bf660fcb416,1,skill-v1-user,984,0
0xddd3579aca298975,1,no-skill,564,0
0xddd3579aca298975,1,skill-v1-sys,888,0
0xddd3579aca298975,1,skill-v1-user,909,0
0x7deef193d6e3569c,1,no-skill,339,0
0x7deef193d6e3569c,1,skill-v1-sys,663,0
0x7deef193d6e3569c,1,skill-v1-user,684,0
0xb5e293738e67a4ee,1,no-skill,509,0
0xb5e293738e67a4ee,1,skill-v1-sys,833,0
0xb5e293738e67a4ee,1,skill-v1-user,854,0
0xffc9564764855a9e,1,no-skill,1000,0
0xffc9564764855a9e,1,skill-v1-sys,1324,0
0xffc9564764855a9e,1,skill-v1-user,1345,0
0xabe1146206e55ba9,1,no-skill,1695,0
0xabe1146206e55ba9,1,skill-v1-sys,2019,0
0xabe1146206e55ba9,1,skill-v1-user,2040,0
0x7c3a1aeb047edcd3,1,no-skill,400,0
0x7c3a1aeb047edcd3,1,skill-v1-sys,724,0
0x7c3a1aeb047edcd3,1,skill-v1-user,745,0
0x2da74313b234d6a5,1,no-skill,1069,0
0x2da74313b234d6a5,1,skill-v1-sys,1393,0
0x2da74313b234d6a5,1,skill-v1-user,1414,0
0xd4a22d3b351218ae,1,no-skill,636,0
0xd4a22d3b351218ae,1,skill-v1-sys,960,0
0xd4a22d3b351218ae,1,skill-v1-user,981,0
0xadcf59e85617f6a5,1,no-skill,754,0
0xadcf59e85617f6a5,1,skill-v1-sys,1078,0
0xadcf59e85617f6a5,1,skill-v1-user,1099,0
0xadf26fba61d56578,1,no-skill,582,0
0xadf26fba61d56578,1,skill-v1-sys,906,0
0xadf26fba61d56578,1,skill-v1-user,927,0
0x458ff1cfc72eef1f,1,no-skill,608,0
0x458ff1cfc72eef1f,1,skill-v1-sys,932,0
0x458ff1cfc72eef1f,1,skill-v1-user,953,0
0xb85eef5045ad63c1,1,no-skill,818,0
0xb85eef5045ad63c1,1,skill-v1-sys,1142,0
0xb85eef5045ad63c1,1,skill-v1-user,1163,0
0x94336b3a4f653e9a,1,no-skill,551,0
0x94336b3a4f653e9a,1,skill-v1-sys,875,0
0x94336b3a4f653e9a,1,skill-v1-user,896,0
0x6c27b31a49a3aae,1,no-skill,538,0
0x6c27b31a49a3aae,1,skill-v1-sys,862,0
0x6c27b31a49a3aae,1,skill-v1-user,883,0
0xda853d9af0ea3f92,1,no-skill,365,0
0xda853d9af0ea3f92,1,skill-v1-sys,689,0
0xda853d9af0ea3f92,1,skill-v1-user,710,0
0xa34d7572dd9521c7,1,no-skill,548,0
0xa34d7572dd9521c7,1,skill-v1-sys,872,0
0xa34d7572dd9521c7,1,skill-v1-user,893,0
0x59c12c2369701b7b,1,no-skill,842,0
0x59c12c2369701b7b,1,skill-v1-sys,1166,0
0x59c12c2369701b7b,1,skill-v1-user,1187,0
0x4e8b3302437005be,1,no-skill,626,0
0x4e8b3302437005be,1,skill-v1-sys,950,0
0x4e8b3302437005be,1,skill-v1-user,971,0
0x503c880af149a025,1,no-skill,9576,0
0x503c880af149a025,1,skill-v1-sys,9900,0
0x503c880af149a025,1,skill-v1-user,9921,0
0x7d59721bacb2c2da,1,no-skill,576,0
0x7d59721bacb2c2da,1,skill-v1-sys,900,0
0x7d59721bacb2c2da,1,skill-v1-user,921,0
0xf2b53bce2d8d3d69,1,no-skill,775,0
0xf2b53bce2d8d3d69,1,skill-v1-sys,1099,0
0xf2b53bce2d8d3d69,1,skill-v1-user,1120,0
0x8411ad524792bcbe,1,no-skill,426,0
0x8411ad524792bcbe,1,skill-v1-sys,750,0
0x8411ad524792bcbe,1,skill-v1-user,771,0
0x76cf746c436dd441,1,no-skill,411,0
0x76cf746c436dd441,1,skill-v1-sys,735,0
0x76cf746c436dd441,1,skill-v1-user,756,0
0x9072bd439a9619fe,1,no-skill,511,0
0x9072bd439a9619fe,1,skill-v1-sys,835,0
0x9072bd439a9619fe,1,skill-v1-user,856,0
0x11020924535758fe,1,no-skill,476,0
0x11020924535758fe,1,skill-v1-sys,800,0
0x11020924535758fe,1,skill-v1-user,821,0
0x545c565eee00531f,1,no-skill,399,0
0x545c565eee00531f,1,skill-v1-sys,723,0
0x545c565eee00531f,1,skill-v1-user,744,0
0xd8649b3046ad56bc,1,no-skill,1132,0
0xd8649b3046ad56bc,1,skill-v1-sys,1456,0
0xd8649b3046ad56bc,1,skill-v1-user,1477,0
0x9f5e95d674421dca,1,no-skill,478,0
0x9f5e95d674421dca,1,skill-v1-sys,802,0
0x9f5e95d674421dca,1,skill-v1-user,823,0
0x969e81539551b156,1,no-skill,506,0
0x969e81539551b156,1,skill-v1-sys,830,0
0x969e81539551b156,1,skill-v1-user,851,0
0x31f1e2620f51c66e,1,no-skill,1246,0
0x31f1e2620f51c66e,1,skill-v1-sys,1570,0
0x31f1e2620f51c66e,1,skill-v1-user,1591,0
0x848d2da6d45f488d,1,no-skill,1819,0
0x848d2da6d45f488d,1,skill-v1-sys,2143,0
0x848d2da6d45f488d,1,skill-v1-user,2164,0
0x4c32b299cc9eeba4,1,no-skill,425,0
0x4c32b299cc9eeba4,1,skill-v1-sys,749,0
0x4c32b299cc9eeba4,1,skill-v1-user,770,0
0x7048d7d95944c8ca,1,no-skill,734,0
0x7048d7d95944c8ca,1,skill-v1-sys,1058,0
0x7048d7d95944c8ca,1,skill-v1-user,1079,0
0x44ede9c74ff20a9b,1,no-skill,519,0
0x44ede9c74ff20a9b,1,skill-v1-sys,843,0
0x44ede9c74ff20a9b,1,skill-v1-user,864,0
0xb21eebf12c47c4ba,1,no-skill,496,0
0xb21eebf12c47c4ba,1,skill-v1-sys,820,0
0xb21eebf12c47c4ba,1,skill-v1-user,841,0
0x53df255a6ef1118e,1,no-skill,483,0
0x53df255a6ef1118e,1,skill-v1-sys,807,0
0x53df255a6ef1118e,1,skill-v1-user,828,0
0x8b71aa7e655910f8,1,no-skill,540,0
0x8b71aa7e655910f8,1,skill-v1-sys,864,0
0x8b71aa7e655910f8,1,skill-v1-user,885,0
0x351347044bf9d918,1,no-skill,1676,0
0x351347044bf9d918,1,skill-v1-sys,2000,0
0x351347044bf9d918,1,skill-v1-user,2021,0
0xf47c8c64b813251,1,no-skill,397,0
0xf47c8c64b813251,1,skill-v1-sys,721,0
0xf47c8c64b813251,1,skill-v1-user,742,0
0x6712e9463b4ac896,1,no-skill,780,0
0x6712e9463b4ac896,1,skill-v1-sys,1104,0
0x6712e9463b4ac896,1,skill-v1-user,1125,0
0x335fa14f47750fff,1,no-skill,686,0
0x335fa14f47750fff,1,skill-v1-sys,1010,0
0x335fa14f47750fff,1,skill-v1-user,1031,0
0xd60bd4f715973fdf,1,no-skill,762,0
0xd60bd4f715973fdf,1,skill-v1-sys,1086,0
0xd60bd4f715973fdf,1,skill-v1-user,1107,0
0xfe236c5fc991b396,1,no-skill,606,0
0xfe236c5fc991b396,1,skill-v1-sys,930,0
0xfe236c5fc991b396,1,skill-v1-user,951,0
0x14d1466c4d3b5f8f,1,no-skill,548,0
0x14d1466c4d3b5f8f,1,skill-v1-sys,872,0
0x14d1466c4d3b5f8f,1,skill-v1-user,893,0
0xbb13ad990a5ac36,1,no-skill,512,0
0xbb13ad990a5ac36,1,skill-v1-sys,836,0
0xbb13ad990a5ac36,1,skill-v1-user,857,0
0xc8ce6cbf9ac91c14,1,no-skill,787,0
0xc8ce6cbf9ac91c14,1,skill-v1-sys,1111,0
0xc8ce6cbf9ac91c14,1,skill-v1-user,1132,0
0x96d960b67800219f,1,no-skill,672,0
0x96d960b67800219f,1,skill-v1-sys,996,0
0x96d960b67800219f,1,skill-v1-user,1017,0
0xe6b0fb8a718080a8,1,no-skill,511,0
0xe6b0fb8a718080a8,1,skill-v1-sys,835,0
0xe6b0fb8a718080a8,1,skill-v1-user,856,0
0x68fbbbc1ce310080,1,no-skill,626,0
0x68fbbbc1ce310080,1,skill-v1-sys,950,0
0x68fbbbc1ce310080,1,skill-v1-user,971,0
0x6063c13dcf25039c,1,no-skill,457,0
0x6063c13dcf25039c,1,skill-v1-sys,781,0
0x6063c13dcf25039c,1,skill-v1-user,802,0
0xf7f2fc6c9ea054d,1,no-skill,564,0
0xf7f2fc6c9ea054d,1,skill-v1-sys,888,0
0xf7f2fc6c9ea054d,1,skill-v1-user,909,0
0x6d4ba1dd60b6dd38,1,no-skill,564,0
0x6d4ba1dd60b6dd38,1,skill-v1-sys,888,0
0x6d4ba1dd60b6dd38,1,skill-v1-user,909,0
0xe8fc338233c6aed6,1,no-skill,639,0
0xe8fc338233c6aed6,1,skill-v1-sys,963,0
0xe8fc338233c6aed6,1,skill-v1-user,984,0
0x9d3dbac4ff41362c,1,no-skill,822,0
0x9d3dbac4ff41362c,1,skill-v1-sys,1146,0
0x9d3dbac4ff41362c,1,skill-v1-user,1167,0
0x34f87e58c79cfbf1,1,no-skill,675,0
0x34f87e58c79cfbf1,1,skill-v1-sys,999,0
0x34f87e58c79cfbf1,1,skill-v1-user,1020,0
0xeaff841fde34322b,1,no-skill,399,0
0xeaff841fde34322b,1,skill-v1-sys,723,0
0xeaff841fde34322b,1,skill-v1-user,744,0
0x14157760d111a051,1,no-skill,533,0
0x14157760d111a051,1,skill-v1-sys,857,0
0x14157760d111a051,1,skill-v1-user,878,0
0x78ead72250cb02c9,1,no-skill,411,0
0x78ead72250cb02c9,1,skill-v1-sys,735,0
0x78ead72250cb02c9,1,skill-v1-user,756,0
0xcc168a454563a3d6,1,no-skill,677,0
0xcc168a454563a3d6,1,skill-v1-sys,1001,0
0xcc168a454563a3d6,1,skill-v1-user,1022,0
0x794fe0fc39f33233,1,no-skill,783,0
0x794fe0fc39f33233,1,skill-v1-sys,1107,0
0x794fe0fc39f33233,1,skill-v1-user,1128,0
0xbecf02b40ed244b3,1,no-skill,436,0
0xbecf02b40ed244b3,1,skill-v1-sys,760,0
0xbecf02b40ed244b3,1,skill-v1-user,781,0
0x9eb0c196d71ddec6,1,no-skill,467,0
0x9eb0c196d71ddec6,1,skill-v1-sys,791,0
0x9eb0c196d71ddec6,1,skill-v1-user,812,0
0xaef5c8a239b387be,1,no-skill,580,0
0xaef5c8a239b387be,1,skill-v1-sys,904,0
0xaef5c8a239b387be,1,skill-v1-user,925,0
0xbefbd511f9b7e927,1,no-skill,490,0
0xbefbd511f9b7e927,1,skill-v1-sys,814,0
0xbefbd511f9b7e927,1,skill-v1-user,835,0
0x887a67e1889f0962,1,no-skill,417,0
0x887a67e1889f0962,1,skill-v1-sys,741,0
0x887a67e1889f0962,1,skill-v1-user,762,0
0x5500f104a8384763,1,no-skill,557,0
0x5500f104a8384763,1,skill-v1-sys,881,0
0x5500f104a8384763,1,skill-v1-user,902,0
0x2fa64c9a366d2a8f,1,no-skill,495,0
0x2fa64c9a366d2a8f,1,skill-v1-sys,819,0
0x2fa64c9a366d2a8f,1,skill-v1-user,840,0
0xabda9b9d86d95c7c,1,no-skill,498,0
0xabda9b9d86d95c7c,1,skill-v1-sys,822,0
0xabda9b9d86d95c7c,1,skill-v1-user,843,0
0x3ddb31e9a87c4bc2,1,no-skill,382,0
0x3ddb31e9a87c4bc2,1,skill-v1-sys,706,0
0x3ddb31e9a87c4bc2,1,skill-v1-user,727,0
0xf346414f43d7cb52,1,no-skill,551,0
0xf346414f43d7cb52,1,skill-v1-sys,875,0
0xf346414f43d7cb52,1,skill-v1-user,896,0
0x7d846c0173c10884,1,no-skill,626,0
0x7d846c0173c10884,1,skill-v1-sys,950,0
0x7d846c0173c10884,1,skill-v1-user,971,0
0x6c9c04dbe52d0653,1,no-skill,842,0
0x6c9c04dbe52d0653,1,skill-v1-sys,1166,0
0x6c9c04dbe52d0653,1,skill-v1-user,1187,0
0xbbff3d39118953f0,1,no-skill,1695,0
0xbbff3d39118953f0,1,skill-v1-sys,2019,0
0xbbff3d39118953f0,1,skill-v1-user,2040,0
0x5df7ea5268ddcf94,1,no-skill,626,0
0x5df7ea5268ddcf94,1,skill-v1-sys,950,0
0x5df7ea5268ddcf94,1,skill-v1-user,971,0
0x5c88b35bc0c19cf9,1,no-skill,587,0
0x5c88b35bc0c19cf9,1,skill-v1-sys,911,0
0x5c88b35bc0c19cf9,1,skill-v1-user,932,0
0x49ed75b7d19e94ea,1,no-skill,1444,0
0x49ed75b7d19e94ea,1,skill-v1-sys,1768,0
0x49ed75b7d19e94ea,1,skill-v1-user,1789,0
0x62ed9cc6a4313a37,1,no-skill,1000,0
0x62ed9cc6a4313a37,1,skill-v1-sys,1324,0
0x62ed9cc6a4313a37,1,skill-v1-user,1345,0
0x79dbdb7d4691cc54,1,no-skill,718,0
0x79dbdb7d4691cc54,1,skill-v1-sys,1042,0
0x79dbdb7d4691cc54,1,skill-v1-user,1063,0
0x55ab8e3d07b8307,1,no-skill,495,0
0x55ab8e3d07b8307,1,skill-v1-sys,819,0
0x55ab8e3d07b8307,1,skill-v1-user,840,0
0x2817b1faabbd5be9,1,no-skill,581,0
0x2817b1faabbd5be9,1,skill-v1-sys,905,0
0x2817b1faabbd5be9,1,skill-v1-user,926,0
0xbc103be5c7ecdaad,1,no-skill,463,0
0xbc103be5c7ecdaad,1,skill-v1-sys,787,0
0xbc103be5c7ecdaad,1,skill-v1-user,808,0
0x436d3daca00d17d9,1,no-skill,9576,0
0x436d3daca00d17d9,1,skill-v1-sys,9900,0
0x436d3daca00d17d9,1,skill-v1-user,9921,0
0xcb98180d8a3b039b,1,no-skill,762,0
0xcb98180d8a3b039b,1,skill-v1-sys,1086,0
0xcb98180d8a3b039b,1,skill-v1-user,1107,0
0x833216a3a22cb68b,1,no-skill,630,0
0x833216a3a22cb68b,1,skill-v1-sys,954,0
0x833216a3a22cb68b,1,skill-v1-user,975,0
0x4c49644b6c4c37b5,1,no-skill,633,0
0x4c49644b6c4c37b5,1,skill-v1-sys,957,0
0x4c49644b6c4c37b5,1,skill-v1-user,978,0
0x65b5852385e9c4b1,1,no-skill,629,0
0x65b5852385e9c4b1,1,skill-v1-sys,953,0
0x65b5852385e9c4b1,1,skill-v1-user,974,0
0xf10aaee5db01becf,1,no-skill,559,0
0xf10aaee5db01becf,1,skill-v1-sys,883,0
0xf10aaee5db01becf,1,skill-v1-user,904,0
0xff1e77d44f0bb058,1,no-skill,438,0
0xff1e77d44f0bb058,1,skill-v1-sys,762,0
0xff1e77d44f0bb058,1,skill-v1-user,783,0
0xeb0239aa7f506df4,1,no-skill,538,0
0xeb0239aa7f506df4,1,skill-v1-sys,862,0
0xeb0239aa7f506df4,1,skill-v1-user,883,0
0xedc4b5013eefb83f,1,no-skill,1591,0
0xedc4b5013eefb83f,1,skill-v1-sys,1915,0
0xedc4b5013eefb83f,1,skill-v1-user,1936,0
0xb4eaef13775e6c73,1,no-skill,870,0
0xb4eaef13775e6c73,1,skill-v1-sys,1194,0
0xb4eaef13775e6c73,1,skill-v1-user,1215,0
0x76901945cbe2be2f,1,no-skill,513,0
0x76901945cbe2be2f,1,skill-v1-sys,837,0
0x76901945cbe2be2f,1,skill-v1-user,858,0
0xb612a624a124bee4,1,no-skill,896,0
0xb612a624a124bee4,1,skill-v1-sys,1220,0
0xb612a624a124bee4,1,skill-v1-user,1241,0
0x39d673c288a079ec,1,no-skill,1160,0
0x39d673c288a079ec,1,skill-v1-sys,1484,0
0x39d673c288a079ec,1,skill-v1-user,1505,0
0x945297ac86d1f2ec,1,no-skill,537,0
0x945297ac86d1f2ec,1,skill-v1-sys,861,0
0x945297ac86d1f2ec,1,skill-v1-user,882,0
0x6c00cce7f081b0b8,1,no-skill,606,0
0x6c00cce7f081b0b8,1,skill-v1-sys,930,0
0x6c00cce7f081b0b8,1,skill-v1-user,951,0
0xf59b30ad5e9eeb3a,1,no-skill,664,0
0xf59b30ad5e9eeb3a,1,skill-v1-sys,988,0
0xf59b30ad5e9eeb3a,1,skill-v1-user,1009,0
0xd9370476dff23bc6,1,no-skill,495,0
0xd9370476dff23bc6,1,skill-v1-sys,819,0
0xd9370476dff23bc6,1,skill-v1-user,840,0
0xfc0ceea97b764a4d,1,no-skill,533,0
0xfc0ceea97b764a4d,1,skill-v1-sys,857,0
0xfc0ceea97b764a4d,1,skill-v1-user,878,0
0xf7884e1b6a7df96c,1,no-skill,377,0
0xf7884e1b6a7df96c,1,skill-v1-sys,701,0
0xf7884e1b6a7df96c,1,skill-v1-user,722,0
0x1f4191ddce155b43,1,no-skill,496,0
0x1f4191ddce155b43,1,skill-v1-sys,820,0
0x1f4191ddce155b43,1,skill-v1-user,841,0
0x31227be9b44dd6f2,1,no-skill,604,0
0x31227be9b44dd6f2,1,skill-v1-sys,928,0
0x31227be9b44dd6f2,1,skill-v1-user,949,0
0xfd4cd6d8acbc25e4,1,no-skill,515,0
0xfd4cd6d8acbc25e4,1,skill-v1-sys,839,0
0xfd4cd6d8acbc25e4,1,skill-v1-user,860,0
0x56727635efa2ed41,1,no-skill,394,0
0x56727635efa2ed41,1,skill-v1-sys,718,0
0x56727635efa2ed41,1,skill-v1-user,739,0
0x1d286e1da7973e61,1,no-skill,505,0
0x1d286e1da7973e61,1,skill-v1-sys,829,0
0x1d286e1da7973e61,1,skill-v1-user,850,0
0x44d3ce552cda7cc,1,no-skill,701,0
0x44d3ce552cda7cc,1,skill-v1-sys,1025,0
0x44d3ce552cda7cc,1,skill-v1-user,1046,0
0x103acc22ad434a49,1,no-skill,551,0
0x103acc22ad434a49,1,skill-v1-sys,875,0
0x103acc22ad434a49,1,skill-v1-user,896,0
0x52833a479f46c276,1,no-skill,565,0
0x52833a479f46c276,1,skill-v1-sys,889,0
0x52833a479f46c276,1,skill-v1-user,910,0
0xc20a202e97fb06df,1,no-skill,1081,0
0xc20a202e97fb06df,1,skill-v1-sys,1405,0
0xc20a202e97fb06df,1,skill-v1-user,1426,0
0x94835a2057f2ab2a,1,no-skill,472,0
0x94835a2057f2ab2a,1,skill-v1-sys,796,0
0x94835a2057f2ab2a,1,skill-v1-user,817,0
0x2211d3a476c3058f,1,no-skill,417,0
0x2211d3a476c3058f,1,skill-v1-sys,741,0
0x2211d3a476c3058f,1,skill-v1-user,762,0
0x2e0c69c7259919ed,1,no-skill,454,0
0x2e0c69c7259919ed,1,skill-v1-sys,778,0
0x2e0c69c7259919ed,1,skill-v1-user,799,0
0x69883ee7200dcc60,1,no-skill,463,0
0x69883ee7200dcc60,1,skill-v1-sys,787,0
0x69883ee7200dcc60,1,skill-v1-user,808,0
0x8fc745e40e50142f,1,no-skill,849,0
0x8fc745e40e50142f,1,skill-v1-sys,1173,0
0x8fc745e40e50142f,1,skill-v1-user,1194,0
0x21b2fabff7d0fbe5,1,no-skill,399,0
0x21b2fabff7d0fbe5,1,skill-v1-sys,723,0
0x21b2fabff7d0fbe5,1,skill-v1-user,744,0
0x9752e2e5f7f5954f,1,no-skill,408,0
0x9752e2e5f7f5954f,1,skill-v1-sys,732,0
0x9752e2e5f7f5954f,1,skill-v1-user,753,0
0x547a2da247b50e52,1,no-skill,525,0
0x547a2da247b50e52,1,skill-v1-sys,849,0
0x547a2da247b50e52,1,skill-v1-user,870,0
0xf9e2280346884550,1,no-skill,391,0
0xf9e2280346884550,1,skill-v1-sys,715,0
0xf9e2280346884550,1,skill-v1-user,736,0
0xad1bf49b65181f8a,1,no-skill,630,0
0xad1bf49b65181f8a,1,skill-v1-sys,954,0
0xad1bf49b65181f8a,1,skill-v1-user,975,0
0xaf68b2f066e68832,1,no-skill,689,0
0xaf68b2f066e68832,1,skill-v1-sys,1013,0
0xaf68b2f066e68832,1,skill-v1-user,1034,0
0x5374c0237b6d9e0c,1,no-skill,699,0
0x5374c0237b6d9e0c,1,skill-v1-sys,1023,0
0x5374c0237b6d9e0c,1,skill-v1-user,1044,0
0x667f139dd468355c,1,no-skill,540,0
0x667f139dd468355c,1,skill-v1-sys,864,0
0x667f139dd468355c,1,skill-v1-user,885,0
0xd3fe3d9865842f68,1,no-skill,744,0
0xd3fe3d9865842f68,1,skill-v1-sys,1068,0
0xd3fe3d9865842f68,1,skill-v1-user,1089,0
0xb80313a7f951a2c1,1,no-skill,654,0
0xb80313a7f951a2c1,1,skill-v1-sys,978,0
0xb80313a7f951a2c1,1,skill-v1-user,999,0
0xda1abe22e1c80875,1,no-skill,579,0
0xda1abe22e1c80875,1,skill-v1-sys,903,0
0xda1abe22e1c80875,1,skill-v1-user,924,0
0xc3408d53195a4930,1,no-skill,734,0
0xc3408d53195a4930,1,skill-v1-sys,1058,0
0xc3408d53195a4930,1,skill-v1-user,1079,0
0x8b928ed749332c01,1,no-skill,481,0
0x8b928ed749332c01,1,skill-v1-sys,805,0
0x8b928ed749332c01,1,skill-v1-user,826,0
0x691c1734aba1ee22,1,no-skill,694,0
0x691c1734aba1ee22,1,skill-v1-sys,1018,0
0x691c1734aba1ee22,1,skill-v1-user,1039,0
0xa303644162b2b8ee,1,no-skill,466,0
0xa303644162b2b8ee,1,skill-v1-sys,790,0
0xa303644162b2b8ee,1,skill-v1-user,811,0
0xbeeb50a74b081f29,1,no-skill,414,0
0xbeeb50a74b081f29,1,skill-v1-sys,738,0
0xbeeb50a74b081f29,1,skill-v1-user,759,0
0xba73a3f8f3c75fb1,1,no-skill,572,0
0xba73a3f8f3c75fb1,1,skill-v1-sys,896,0
0xba73a3f8f3c75fb1,1,skill-v1-user,917,0
0x37e889babc25906b,1,no-skill,576,0
0x37e889babc25906b,1,skill-v1-sys,900,0
0x37e889babc25906b,1,skill-v1-user,921,0
0xa76993be92d49424,1,no-skill,535,0
0xa76993be92d49424,1,skill-v1-sys,859,0
0xa76993be92d49424,1,skill-v1-user,880,0
0xc72a2cc16662ab7d,1,no-skill,450,0
0xc72a2cc16662ab7d,1,skill-v1-sys,774,0
0xc72a2cc16662ab7d,1,skill-v1-user,795,0
0x1d291bf50e3613c9,1,no-skill,399,0
0x1d291bf50e3613c9,1,skill-v1-sys,723,0
0x1d291bf50e3613c9,1,skill-v1-user,744,0
0x667e5b8620368c12,1,no-skill,594,0
0x667e5b8620368c12,1,skill-v1-sys,918,0
0x667e5b8620368c12,1,skill-v1-user,939,0
0xe38d382f7b26aa35,1,no-skill,541,0
0xe38d382f7b26aa35,1,skill-v1-sys,865,0
0xe38d382f7b26aa35,1,skill-v1-user,886,0
0x5e0bab2db52251d1,1,no-skill,1059,0
0x5e0bab2db52251d1,1,skill-v1-sys,1383,0
0x5e0bab2db52251d1,1,skill-v1-user,1404,0
0x9875b9e06bc4ee9b,1,no-skill,610,0
0x9875b9e06bc4ee9b,1,skill-v1-sys,934,0
0x9875b9e06bc4ee9b,1,skill-v1-user,955,0
0xeeeb76c0d02e8b6c,1,no-skill,930,0
0xeeeb76c0d02e8b6c,1,skill-v1-sys,1254,0
0xeeeb76c0d02e8b6c,1,skill-v1-user,1275,0
0x3ca73c535606e165,1,no-skill,642,0
0x3ca73c535606e165,1,skill-v1-sys,966,0
0x3ca73c535606e165,1,skill-v1-user,987,0
0x4180eaab6122529b,1,no-skill,898,0
0x4180eaab6122529b,1,skill-v1-sys,1222,0
0x4180eaab6122529b,1,skill-v1-user,1243,0
0xe33f8452a23ed7c7,1,no-skill,593,0
0xe33f8452a23ed7c7,1,skill-v1-sys,917,0
0xe33f8452a23ed7c7,1,skill-v1-user,938,0
0xcf937a6c9dbdeded,1,no-skill,825,0
0xcf937a6c9dbdeded,1,skill-v1-sys,1149,0
0xcf937a6c9dbdeded,1,skill-v1-user,1170,0
0x7f7f9bbc399a23a8,1,no-skill,1457,0
0x7f7f9bbc399a23a8,1,skill-v1-sys,1781,0
0x7f7f9bbc399a23a8,1,skill-v1-user,1802,0
0xcbb1a2bbaa4c0aab,1,no-skill,775,0
0xcbb1a2bbaa4c0aab,1,skill-v1-sys,1099,0
0xcbb1a2bbaa4c0aab,1,skill-v1-user,1120,0
0x5fdfb438b1d14f04,1,no-skill,470,0
0x5fdfb438b1d14f04,1,skill-v1-sys,794,0
0x5fdfb438b1d14f04,1,skill-v1-user,815,0
0xb369ec2a022f63eb,1,no-skill,626,0
0xb369ec2a022f63eb,1,skill-v1-sys,950,0
0xb369ec2a022f63eb,1,skill-v1-user,971,0
0xf47a9638b277ab3e,1,no-skill,462,0
0xf47a9638b277ab3e,1,skill-v1-sys,786,0
0xf47a9638b277ab3e,1,skill-v1-user,807,0
0x4b455718ba76daa2,1,no-skill,472,0
0x4b455718ba76daa2,1,skill-v1-sys,796,0
0x4b455718ba76daa2,1,skill-v1-user,817,0
0xf552732e9dfcced5,1,no-skill,1695,0
0xf552732e9dfcced5,1,skill-v1-sys,2019,0
0xf552732e9dfcced5,1,skill-v1-user,2040,0
0x73dd276835810ea7,1,no-skill,499,0
0x73dd276835810ea7,1,skill-v1-sys,823,0
0x73dd276835810ea7,1,skill-v1-user,844,0
0x9967cf61b5948cd7,1,no-skill,499,0
0x9967cf61b5948cd7,1,skill-v1-sys,823,0
0x9967cf61b5948cd7,1,skill-v1-user,844,0
0x57a060e9be27f7ee,1,no-skill,1246,0
0x57a060e9be27f7ee,1,skill-v1-sys,1570,0
0x57a060e9be27f7ee,1,skill-v1-user,1591,0
0x452a925fac302224,1,no-skill,454,0
0x452a925fac302224,1,skill-v1-sys,778,0
0x452a925fac302224,1,skill-v1-user,799,0
0x2272874ac43de3ae,1,no-skill,976,0
0x2272874ac43de3ae,1,skill-v1-sys,1300,0
0x2272874ac43de3ae,1,skill-v1-user,1321,0
0x9d38e17859fc1b52,1,no-skill,626,0
0x9d38e17859fc1b52,1,skill-v1-sys,950,0
0x9d38e17859fc1b52,1,skill-v1-user,971,0
0xc56fa11358a9fa7f,1,no-skill,842,0
0xc56fa11358a9fa7f,1,skill-v1-sys,1166,0
0xc56fa11358a9fa7f,1,skill-v1-user,1187,0
0x8eb004301585b66e,1,no-skill,501,0
0x8eb004301585b66e,1,skill-v1-sys,825,0
0x8eb004301585b66e,1,skill-v1-user,846,0
0x45b77870acedfec0,1,no-skill,365,0
0x45b77870acedfec0,1,skill-v1-sys,689,0
0x45b77870acedfec0,1,skill-v1-user,710,0
0x4c37e776b88b27d9,1,no-skill,551,0
0x4c37e776b88b27d9,1,skill-v1-sys,875,0
0x4c37e776b88b27d9,1,skill-v1-user,896,0
0xef262e81237e1d5a,1,no-skill,495,0
0xef262e81237e1d5a,1,skill-v1-sys,819,0
0xef262e81237e1d5a,1,skill-v1-user,840,0
0x2bf731597a7f4239,1,no-skill,481,0
0x2bf731597a7f4239,1,skill-v1-sys,805,0
0x2bf731597a7f4239,1,skill-v1-user,826,0
0xa6e9cb8434252e87,1,no-skill,557,0
0xa6e9cb8434252e87,1,skill-v1-sys,881,0
0xa6e9cb8434252e87,1,skill-v1-user,902,0
0x67ab7fc887f9a4b7,1,no-skill,557,0
0x67ab7fc887f9a4b7,1,skill-v1-sys,881,0
0x67ab7fc887f9a4b7,1,skill-v1-user,902,0
0x2b81174cef92c882,1,no-skill,927,0
0x2b81174cef92c882,1,skill-v1-sys,1251,0
0x2b81174cef92c882,1,skill-v1-user,1272,0
0x2bda86f474025f04,1,no-skill,1434,0
0x2bda86f474025f04,1,skill-v1-sys,1758,0
0x2bda86f474025f04,1,skill-v1-user,1779,0
0xc1d6382a6463ff00,1,no-skill,817,0
0xc1d6382a6463ff00,1,skill-v1-sys,1141,0
0xc1d6382a6463ff00,1,skill-v1-user,1162,0
0xd8be3f6960bf2dde,1,no-skill,9576,0
0xd8be3f6960bf2dde,1,skill-v1-sys,9900,0
0xd8be3f6960bf2dde,1,skill-v1-user,9921,0
0x5a8068901d9327e5,1,no-skill,1270,0
0x5a8068901d9327e5,1,skill-v1-sys,1594,0
0x5a8068901d9327e5,1,skill-v1-user,1615,0
0x7b97eb15f0f0cedf,1,no-skill,663,0
0x7b97eb15f0f0cedf,1,skill-v1-sys,987,0
0x7b97eb15f0f0cedf,1,skill-v1-user,1008,0
0x36e2376a8ab876ec,1,no-skill,563,0
0x36e2376a8ab876ec,1,skill-v1-sys,887,0
0x36e2376a8ab876ec,1,skill-v1-user,908,0
0x45df8f9f79401d4a,1,no-skill,495,0
0x45df8f9f79401d4a,1,skill-v1-sys,819,0
0x45df8f9f79401d4a,1,skill-v1-user,840,0
0x9196a94b6de1a976,1,no-skill,671,0
0x9196a94b6de1a976,1,skill-v1-sys,995,0
0x9196a94b6de1a976,1,skill-v1-user,1016,0
0x3cf65caabea4f5d4,1,no-skill,587,0
0x3cf65caabea4f5d4,1,skill-v1-sys,911,0
0x3cf65caabea4f5d4,1,skill-v1-user,932,0
0xbd7911a680064b2a,1,no-skill,470,0
0xbd7911a680064b2a,1,skill-v1-sys,794,0
0xbd7911a680064b2a,1,skill-v1-user,815,0
0xbe0cac96c4b48eca,1,no-skill,1201,0
0xbe0cac96c4b48eca,1,skill-v1-sys,1525,0
0xbe0cac96c4b48eca,1,skill-v1-user,1546,0
0xfe40f8279c5f8212,1,no-skill,623,0
0xfe40f8279c5f8212,1,skill-v1-sys,947,0
0xfe40f8279c5f8212,1,skill-v1-user,968,0
0xd1c88e0eb777675d,1,no-skill,486,0
0xd1c88e0eb777675d,1,skill-v1-sys,810,0
0xd1c88e0eb777675d,1,skill-v1-user,831,0
0xb1dc473520a49796,1,no-skill,439,0
0xb1dc473520a49796,1,skill-v1-sys,763,0
0xb1dc473520a49796,1,skill-v1-user,784,0
0x949af8a5a98c61bd,1,no-skill,712,0
0x949af8a5a98c61bd,1,skill-v1-sys,1036,0
0x949af8a5a98c61bd,1,skill-v1-user,1057,0
0xfb7ce6edb3abae7e,1,no-skill,930,0
0xfb7ce6edb3abae7e,1,skill-v1-sys,1254,0
0xfb7ce6edb3abae7e,1,skill-v1-user,1275,0
0xaaaef8658c8b2a18,1,no-skill,990,0
0xaaaef8658c8b2a18,1,skill-v1-sys,1314,0
0xaaaef8658c8b2a18,1,skill-v1-user,1335,0
0xfa1938d1fc86d54a,1,no-skill,456,0
0xfa1938d1fc86d54a,1,skill-v1-sys,780,0
0xfa1938d1fc86d54a,1,skill-v1-user,801,0
0xe46d88ddf554df53,1,no-skill,509,0
0xe46d88ddf554df53,1,skill-v1-sys,833,0
0xe46d88ddf554df53,1,skill-v1-user,854,0
0x93c9e0200c8d5503,1,no-skill,463,0
0x93c9e0200c8d5503,1,skill-v1-sys,787,0
0x93c9e0200c8d5503,1,skill-v1-user,808,0
0xa8150d02673daad5,1,no-skill,542,0
0xa8150d02673daad5,1,skill-v1-sys,866,0
0xa8150d02673daad5,1,skill-v1-user,887,0
0xc572bc2f5fde4ad6,1,no-skill,520,0
0xc572bc2f5fde4ad6,1,skill-v1-sys,844,0
0xc572bc2f5fde4ad6,1,skill-v1-user,865,0
0x41c98b72b0a7ea92,1,no-skill,452,0
0x41c98b72b0a7ea92,1,skill-v1-sys,776,0
0x41c98b72b0a7ea92,1,skill-v1-user,797,0
0x7e4a47a8393959e8,1,no-skill,451,0
0x7e4a47a8393959e8,1,skill-v1-sys,775,0
0x7e4a47a8393959e8,1,skill-v1-user,796,0
0xd668daf5d66ce077,1,no-skill,467,0
0xd668daf5d66ce077,1,skill-v1-sys,791,0
0xd668daf5d66ce077,1,skill-v1-user,812,0
0xa33d49cb0c1b6f3e,1,no-skill,533,0
0xa33d49cb0c1b6f3e,1,skill-v1-sys,857,0
0xa33d49cb0c1b6f3e,1,skill-v1-user,878,0
0x952ee95bc02cecbd,1,no-skill,810,0
0x952ee95bc02cecbd,1,skill-v1-sys,1134,0
0x952ee95bc02cecbd,1,skill-v1-user,1155,0
0xa34eabfaa12e6a42,1,no-skill,452,0
0xa34eabfaa12e6a42,1,skill-v1-sys,776,0
0xa34eabfaa12e6a42,1,skill-v1-user,797,0
0x41e04d63a317341b,1,no-skill,630,0
0x41e04d63a317341b,1,skill-v1-sys,954,0
0x41e04d63a317341b,1,skill-v1-user,975,0
0xb5dee38d820689b0,1,no-skill,683,0
0xb5dee38d820689b0,1,skill-v1-sys,1007,0
0xb5dee38d820689b0,1,skill-v1-user,1028,0
0x9b14758e17119547,1,no-skill,385,0
0x9b14758e17119547,1,skill-v1-sys,709,0
0x9b14758e17119547,1,skill-v1-user,730,0
0x8e65e09b6870941c,1,no-skill,781,0
0x8e65e09b6870941c,1,skill-v1-sys,1105,0
0x8e65e09b6870941c,1,skill-v1-user,1126,0
0x9de3eb455dc88911,1,no-skill,853,0
0x9de3eb455dc88911,1,skill-v1-sys,1177,0
0x9de3eb455dc88911,1,skill-v1-user,1198,0
0x91073e8e5ca04f2b,1,no-skill,540,0
0x91073e8e5ca04f2b,1,skill-v1-sys,864,0
0x91073e8e5ca04f2b,1,skill-v1-user,885,0
0x71d1084ec0e20da7,1,no-skill,520,0
0x71d1084ec0e20da7,1,skill-v1-sys,844,0
0x71d1084ec0e20da7,1,skill-v1-user,865,0
0x6840f36629424f61,1,no-skill,423,0
0x6840f36629424f61,1,skill-v1-sys,747,0
0x6840f36629424f61,1,skill-v1-user,768,0
0xd25693330a24d337,1,no-skill,860,0
0xd25693330a24d337,1,skill-v1-sys,1184,0
0xd25693330a24d337,1,skill-v1-user,1205,0
0xac7e39e20952c0f6,1,no-skill,448,0
0xac7e39e20952c0f6,1,skill-v1-sys,772,0
0xac7e39e20952c0f6,1,skill-v1-user,793,0
0xfedde54db03daa20,1,no-skill,645,0
0xfedde54db03daa20,1,skill-v1-sys,969,0
0xfedde54db03daa20,1,skill-v1-user,990,0
0xbac169593fbe783f,1,no-skill,494,0
0xbac169593fbe783f,1,skill-v1-sys,818,0
0xbac169593fbe783f,1,skill-v1-user,839,0
0x798f8f4ef258bc6c,1,no-skill,493,0
0x798f8f4ef258bc6c,1,skill-v1-sys,817,0
0x798f8f4ef258bc6c,1,skill-v1-user,838,0
0x7b85906f34b6090,1,no-skill,386,0
0x7b85906f34b6090,1,skill-v1-sys,710,0
0x7b85906f34b6090,1,skill-v1-user,731,0
0xe06d86314ab19c7d,1,no-skill,745,0
0xe06d86314ab19c7d,1,skill-v1-sys,1069,0
0xe06d86314ab19c7d,1,skill-v1-user,1090,0
0x13e7777ef2f46555,1,no-skill,474,0
0x13e7777ef2f46555,1,skill-v1-sys,798,0
0x13e7777ef2f46555,1,skill-v1-user,819,0
0xcc00f616909be763,1,no-skill,703,0
0xcc00f616909be763,1,skill-v1-sys,1027,0
0xcc00f616909be763,1,skill-v1-user,1048,0
0x189918a7a034b692,1,no-skill,454,0
0x189918a7a034b692,1,skill-v1-sys,778,0
0x189918a7a034b692,1,skill-v1-user,799,0
0x376ff2760b56ff60,1,no-skill,562,0
0x376ff2760b56ff60,1,skill-v1-sys,886,0
0x376ff2760b56ff60,1,skill-v1-user,907,0
0xfe24b90caf5bb9d8,1,no-skill,601,0
0xfe24b90caf5bb9d8,1,skill-v1-sys,925,0
0xfe24b90caf5bb9d8,1,skill-v1-user,946,0
0x995698605b17d6f5,1,no-skill,476,0
0x995698605b17d6f5,1,skill-v1-sys,800,0
0x995698605b17d6f5,1,skill-v1-user,821,0
0x7ada081acd001f18,1,no-skill,694,0
0x7ada081acd001f18,1,skill-v1-sys,1018,0
0x7ada081acd001f18,1,skill-v1-user,1039,0
0xc4cdd5b18ebfff37,1,no-skill,500,0
0xc4cdd5b18ebfff37,1,skill-v1-sys,824,0
0xc4cdd5b18ebfff37,1,skill-v1-user,845,0
0x955f21c607acbdfc,1,no-skill,881,0
0x955f21c607acbdfc,1,skill-v1-sys,1205,0
0x955f21c607acbdfc,1,skill-v1-user,1226,0
0x26b517543f87fc83,1,no-skill,406,0
0x26b517543f87fc83,1,skill-v1-sys,730,0
0x26b517543f87fc83,1,skill-v1-user,751,0
0x1facf7758602264c,1,no-skill,775,0
0x1facf7758602264c,1,skill-v1-sys,1099,0
0x1facf7758602264c,1,skill-v1-user,1120,0
0x5e72c39c06f2e243,1,no-skill,477,0
0x5e72c39c06f2e243,1,skill-v1-sys,801,0
0x5e72c39c06f2e243,1,skill-v1-user,822,0
0x4b48a96556c876b4,1,no-skill,422,0
0x4b48a96556c876b4,1,skill-v1-sys,746,0
0x4b48a96556c876b4,1,skill-v1-user,767,0
0xb3be4d145014c9a0,1,no-skill,433,0
0xb3be4d145014c9a0,1,skill-v1-sys,757,0
0xb3be4d145014c9a0,1,skill-v1-user,778,0
0x3c710e442b4ab009,1,no-skill,701,0
0x3c710e442b4ab009,1,skill-v1-sys,1025,0
0x3c710e442b4ab009,1,skill-v1-user,1046,0
0x3c89e9e921bec591,1,no-skill,629,0
0x3c89e9e921bec591,1,skill-v1-sys,953,0
0x3c89e9e921bec591,1,skill-v1-user,974,0
0x1aac0028173fc772,1,no-skill,530,0
0x1aac0028173fc772,1,skill-v1-sys,854,0
0x1aac0028173fc772,1,skill-v1-user,875,0
0xc26d3be82e343c9d,1,no-skill,446,0
0xc26d3be82e343c9d,1,skill-v1-sys,770,0
0xc26d3be82e343c9d,1,skill-v1-user,791,0
0x9037386782fbf634,1,no-skill,872,0
0x9037386782fbf634,1,skill-v1-sys,1196,0
0x9037386782fbf634,1,skill-v1-user,1217,0
0xaa5d90c563cb03f3,1,no-skill,621,0
0xaa5d90c563cb03f3,1,skill-v1-sys,945,0
0xaa5d90c563cb03f3,1,skill-v1-user,966,0
0x2476ade48e961f3,1,no-skill,555,0
0x2476ade48e961f3,1,skill-v1-sys,879,0
0x2476ade48e961f3,1,skill-v1-user,900,0
0xdcf792531e565146,1,no-skill,520,0
0xdcf792531e565146,1,skill-v1-sys,844,0
0xdcf792531e565146,1,skill-v1-user,865,0
0x48908af994914e0e,1,no-skill,374,0
0x48908af994914e0e,1,skill-v1-sys,698,0
0x48908af994914e0e,1,skill-v1-user,719,0
0x9365561da50719cd,1,no-skill,772,0
0x9365561da50719cd,1,skill-v1-sys,1096,0
0x9365561da50719cd,1,skill-v1-user,1117,0
0x567a01224b4a772a,1,no-skill,558,0
0x567a01224b4a772a,1,skill-v1-sys,882,0
0x567a01224b4a772a,1,skill-v1-user,903,0
0xbace9a0b0c7613ed,1,no-skill,437,0
0xbace9a0b0c7613ed,1,skill-v1-sys,761,0
0xbace9a0b0c7613ed,1,skill-v1-user,782,0
0x7949fbf03104ee38,1,no-skill,502,0
0x7949fbf03104ee38,1,skill-v1-sys,826,0
0x7949fbf03104ee38,1,skill-v1-user,847,0
0xba3975650eb5980c,1,no-skill,476,0
0xba3975650eb5980c,1,skill-v1-sys,800,0
0xba3975650eb5980c,1,skill-v1-user,821,0
0xc020289a3949367d,1,no-skill,605,0
0xc020289a3949367d,1,skill-v1-sys,929,0
0xc020289a3949367d,1,skill-v1-user,950,0
0xa17cd7cea372eb21,1,no-skill,398,0
0xa17cd7cea372eb21,1,skill-v1-sys,722,0
0xa17cd7cea372eb21,1,skill-v1-user,743,0
0xabe7d35cc3bf7432,1,no-skill,418,0
0xabe7d35cc3bf7432,1,skill-v1-sys,742,0
0xabe7d35cc3bf7432,1,skill-v1-user,763,0
0xe5972a9e4b96bce3,1,no-skill,598,0
0xe5972a9e4b96bce3,1,skill-v1-sys,922,0
0xe5972a9e4b96bce3,1,skill-v1-user,943,0
0xc5f9223e37ac8842,1,no-skill,768,0
0xc5f9223e37ac8842,1,skill-v1-sys,1092,0
0xc5f9223e37ac8842,1,skill-v1-user,1113,0
0x583adff3a7ea560c,1,no-skill,544,0
0x583adff3a7ea560c,1,skill-v1-sys,868,0
0x583adff3a7ea560c,1,skill-v1-user,889,0
0x8bf64778f71d6008,1,no-skill,1242,0
0x8bf64778f71d6008,1,skill-v1-sys,1566,0
0x8bf64778f71d6008,1,skill-v1-user,1587,0
0x7d07752321ce284c,1,no-skill,384,0
0x7d07752321ce284c,1,skill-v1-sys,708,0
0x7d07752321ce284c,1,skill-v1-user,729,0
0xf7dec2881d0b40b5,1,no-skill,347,0
0xf7dec2881d0b40b5,1,skill-v1-sys,671,0
0xf7dec2881d0b40b5,1,skill-v1-user,692,0
0xd1750d42620f45e1,1,no-skill,548,0
0xd1750d42620f45e1,1,skill-v1-sys,872,0
0xd1750d42620f45e1,1,skill-v1-user,893,0
0x3ae1558b1bd19ccf,1,no-skill,394,0
0x3ae1558b1bd19ccf,1,skill-v1-sys,718,0
0x3ae1558b1bd19ccf,1,skill-v1-user,739,0
0x6f852ca87219b166,1,no-skill,485,0
0x6f852ca87219b166,1,skill-v1-sys,809,0
0x6f852ca87219b166,1,skill-v1-user,830,0
0x746ce7d26c4b01e0,1,no-skill,342,0
0x746ce7d26c4b01e0,1,skill-v1-sys,666,0
0x746ce7d26c4b01e0,1,skill-v1-user,687,0
0x9ea95a61d6c8fa89,1,no-skill,475,0
0x9ea95a61d6c8fa89,1,skill-v1-sys,799,0
0x9ea95a61d6c8fa89,1,skill-v1-user,820,0
0xb3070e49238721f8,1,no-skill,336,0
0xb3070e49238721f8,1,skill-v1-sys,660,0
0xb3070e49238721f8,1,skill-v1-user,681,0
0x4aa73f42522e052e,1,no-skill,2407,0
0x4aa73f42522e052e,1,skill-v1-sys,2731,0
0x4aa73f42522e052e,1,skill-v1-user,2752,0
0x29fe4c7b77f43315,1,no-skill,362,0
0x29fe4c7b77f43315,1,skill-v1-sys,686,0
0x29fe4c7b77f43315,1,skill-v1-user,707,0
0x4b66f9e0a66734d2,1,no-skill,490,0
0x4b66f9e0a66734d2,1,skill-v1-sys,814,0
0x4b66f9e0a66734d2,1,skill-v1-user,835,0
0xf572d220e60ad541,1,no-skill,363,0
0xf572d220e60ad541,1,skill-v1-sys,687,0
0xf572d220e60ad541,1,skill-v1-user,708,0
0x4a2432b990014f8c,1,no-skill,791,0
0x4a2432b990014f8c,1,skill-v1-sys,1115,0
0x4a2432b990014f8c,1,skill-v1-user,1136,0
0xca9a73072ff0678e,1,no-skill,506,0
0xca9a73072ff0678e,1,skill-v1-sys,830,0
0xca9a73072ff0678e,1,skill-v1-user,851,0
0x5626c27d583cf520,1,no-skill,497,0
0x5626c27d583cf520,1,skill-v1-sys,821,0
0x5626c27d583cf520,1,skill-v1-user,842,0
0xef4b7db2ec9334c0,1,no-skill,397,0
0xef4b7db2ec9334c0,1,skill-v1-sys,721,0
0xef4b7db2ec9334c0,1,skill-v1-user,742,0
0xa984ca1bbbdb21f2,1,no-skill,1311,0
0xa984ca1bbbdb21f2,1,skill-v1-sys,1635,0
0xa984ca1bbbdb21f2,1,skill-v1-user,1656,0
0x9ccd3a20dca25114,1,no-skill,625,0
0x9ccd3a20dca25114,1,skill-v1-sys,949,0
0x9ccd3a20dca25114,1,skill-v1-user,970,0
0x4f666ae7763bb1e,1,no-skill,311,0
0x4f666ae7763bb1e,1,skill-v1-sys,635,0
0x4f666ae7763bb1e,1,skill-v1-user,656,0
0x53d56857b331a859,1,no-skill,556,0
0x53d56857b331a859,1,skill-v1-sys,880,0
0x53d56857b331a859,1,skill-v1-user,901,0
0xed4070798c7e1aea,1,no-skill,1440,0
0xed4070798c7e1aea,1,skill-v1-sys,1764,0
0xed4070798c7e1aea,1,skill-v1-user,1785,0
0x3c8caba5f5249521,1,no-skill,688,0
0x3c8caba5f5249521,1,skill-v1-sys,1012,0
0x3c8caba5f5249521,1,skill-v1-user,1033,0
0x138cc0276eef927,1,no-skill,730,0
0x138cc0276eef927,1,skill-v1-sys,1054,0
0x138cc0276eef927,1,skill-v1-user,1075,0
0x998c0ab7688646db,1,no-skill,469,0
0x998c0ab7688646db,1,skill-v1-sys,793,0
0x998c0ab7688646db,1,skill-v1-user,814,0
0xc54aa4eedcd8f6e9,1,no-skill,355,0
0xc54aa4eedcd8f6e9,1,skill-v1-sys,679,0
0xc54aa4eedcd8f6e9,1,skill-v1-user,700,0
0x1efb6eb21469d72b,1,no-skill,896,0
0x1efb6eb21469d72b,1,skill-v1-sys,1220,0
0x1efb6eb21469d72b,1,skill-v1-user,1241,0
0xf71a96f345898f33,1,no-skill,435,0
0xf71a96f345898f33,1,skill-v1-sys,759,0
0xf71a96f345898f33,1,skill-v1-user,780,0
0xbda4ed2712986f67,1,no-skill,466,0
0xbda4ed2712986f67,1,skill-v1-sys,790,0
0xbda4ed2712986f67,1,skill-v1-user,811,0
0x2333801174616286,1,no-skill,591,0
0x2333801174616286,1,skill-v1-sys,915,0
0x2333801174616286,1,skill-v1-user,936,0
0x7502ede5c4a90fa9,1,no-skill,443,0
0x7502ede5c4a90fa9,1,skill-v1-sys,767,0
0x7502ede5c4a90fa9,1,skill-v1-user,788,0
0xc81000a3176d28a6,1,no-skill,404,0
0xc81000a3176d28a6,1,skill-v1-sys,728,0
0xc81000a3176d28a6,1,skill-v1-user,749,0
0x86176c53848e6918,1,no-skill,473,0
0x86176c53848e6918,1,skill-v1-sys,797,0
0x86176c53848e6918,1,skill-v1-user,818,0
0xdff13b57d19c1d28,1,no-skill,1075,0
0xdff13b57d19c1d28,1,skill-v1-sys,1399,0
0xdff13b57d19c1d28,1,skill-v1-user,1420,0
0x108019da6ff8d35e,1,no-skill,627,0
0x108019da6ff8d35e,1,skill-v1-sys,951,0
0x108019da6ff8d35e,1,skill-v1-user,972,0
0xf138e665259d937,1,no-skill,505,0
0xf138e665259d937,1,skill-v1-sys,829,0
0xf138e665259d937,1,skill-v1-user,850,0
0xcaaa12d4a617e184,1,no-skill,448,0
0xcaaa12d4a617e184,1,skill-v1-sys,772,0
0xcaaa12d4a617e184,1,skill-v1-user,793,0
0x1bd0e2072b741d76,1,no-skill,500,0
0x1bd0e2072b741d76,1,skill-v1-sys,824,0
0x1bd0e2072b741d76,1,skill-v1-user,845,0
0xcb65feca771ec8ab,1,no-skill,734,0
0xcb65feca771ec8ab,1,skill-v1-sys,1058,0
0xcb65feca771ec8ab,1,skill-v1-user,1079,0
0xf9974abdf9164b5c,1,no-skill,1023,0
0xf9974abdf9164b5c,1,skill-v1-sys,1347,0
0xf9974abdf9164b5c,1,skill-v1-user,1368,0
0xe0b77e6503110a2d,1,no-skill,1075,0
0xe0b77e6503110a2d,1,skill-v1-sys,1399,0
0xe0b77e6503110a2d,1,skill-v1-user,1420,0
0x1eea9d26191984a8,1,no-skill,658,0
0x1eea9d26191984a8,1,skill-v1-sys,982,0
0x1eea9d26191984a8,1,skill-v1-user,1003,0
0x80f50af049a53bab,1,no-skill,537,0
0x80f50af049a53bab,1,skill-v1-sys,861,0
0x80f50af049a53bab,1,skill-v1-user,882,0
0xe3d466779cb56ef9,1,no-skill,495,0
0xe3d466779cb56ef9,1,skill-v1-sys,819,0
0xe3d466779cb56ef9,1,skill-v1-user,840,0
0xc22117c2eb68dc65,1,no-skill,492,0
0xc22117c2eb68dc65,1,skill-v1-sys,816,0
0xc22117c2eb68dc65,1,skill-v1-user,837,0
0xb368a586bf5930e3,1,no-skill,597,0
0xb368a586bf5930e3,1,skill-v1-sys,921,0
0xb368a586bf5930e3,1,skill-v1-user,942,0
0x8be3d42da64d5959,1,no-skill,553,0
0x8be3d42da64d5959,1,skill-v1-sys,877,0
0x8be3d42da64d5959,1,skill-v1-user,898,0
0x5fc1c040a14373ba,1,no-skill,436,0
0x5fc1c040a14373ba,1,skill-v1-sys,760,0
0x5fc1c040a14373ba,1,skill-v1-user,781,0
0x9a5a32e7a87607ee,1,no-skill,627,0
0x9a5a32e7a87607ee,1,skill-v1-sys,951,0
0x9a5a32e7a87607ee,1,skill-v1-user,972,0
0xdc250c748124baed,1,no-skill,605,0
0xdc250c748124baed,1,skill-v1-sys,929,0
0xdc250c748124baed,1,skill-v1-user,950,0
0xf3895c5eccbf4196,1,no-skill,948,0
0xf3895c5eccbf4196,1,skill-v1-sys,1272,0
0xf3895c5eccbf4196,1,skill-v1-user,1293,0
0x83420a71c3975c43,1,no-skill,353,0
0x83420a71c3975c43,1,skill-v1-sys,677,0
0x83420a71c3975c43,1,skill-v1-user,698,0
0x7520028d26af7bc8,1,no-skill,683,0
0x7520028d26af7bc8,1,skill-v1-sys,1007,0
0x7520028d26af7bc8,1,skill-v1-user,1028,0
0xe9c5ceb3bdf54ee2,1,no-skill,805,0
0xe9c5ceb3bdf54ee2,1,skill-v1-sys,1129,0
0xe9c5ceb3bdf54ee2,1,skill-v1-user,1150,0
0xe9bafb992a6839fb,1,no-skill,340,0
0xe9bafb992a6839fb,1,skill-v1-sys,664,0
0xe9bafb992a6839fb,1,skill-v1-user,685,0
0xd8f33d4b15795143,1,no-skill,555,0
0xd8f33d4b15795143,1,skill-v1-sys,879,0
0xd8f33d4b15795143,1,skill-v1-user,900,0
0x66e91cb95b58128d,1,no-skill,569,0
0x66e91cb95b58128d,1,skill-v1-sys,893,0
0x66e91cb95b58128d,1,skill-v1-user,914,0
0xd378c604db6de2ae,1,no-skill,824,0
0xd378c604db6de2ae,1,skill-v1-sys,1148,0
0xd378c604db6de2ae,1,skill-v1-user,1169,0
0x7d07c7b33897b331,1,no-skill,1132,0
0x7d07c7b33897b331,1,skill-v1-sys,1456,0
0x7d07c7b33897b331,1,skill-v1-user,1477,0
0xf4c2b5d7c49e2098,1,no-skill,697,0
0xf4c2b5d7c49e2098,1,skill-v1-sys,1021,0
0xf4c2b5d7c49e2098,1,skill-v1-user,1042,0
0x2cef937c9687467c,1,no-skill,676,0
0x2cef937c9687467c,1,skill-v1-sys,1000,0
0x2cef937c9687467c,1,skill-v1-user,1021,0
0x18ffa450ea8d9dfe,1,no-skill,504,0
0x18ffa450ea8d9dfe,1,skill-v1-sys,828,0
0x18ffa450ea8d9dfe,1,skill-v1-user,849,0
0x7a3e7d6567afcc43,1,no-skill,454,0
0x7a3e7d6567afcc43,1,skill-v1-sys,778,0
0x7a3e7d6567afcc43,1,skill-v1-user,799,0
0xaec9ab648bedf12d,1,no-skill,361,0
0xaec9ab648bedf12d,1,skill-v1-sys,685,0
0xaec9ab648bedf12d,1,skill-v1-user,706,0
0xe454de8ed0011f7e,1,no-skill,617,0
0xe454de8ed0011f7e,1,skill-v1-sys,941,0
0xe454de8ed0011f7e,1,skill-v1-user,962,0
0x5d3a167d790a05b7,1,no-skill,661,0
0x5d3a167d790a05b7,1,skill-v1-sys,985,0
0x5d3a167d790a05b7,1,skill-v1-user,1006,0
0xc7b21b18569ab9f0,1,no-skill,502,0
0xc7b21b18569ab9f0,1,skill-v1-sys,826,0
0xc7b21b18569ab9f0,1,skill-v1-user,847,0
0xdd5f16d21e352f04,1,no-skill,500,0
0xdd5f16d21e352f04,1,skill-v1-sys,824,0
0xdd5f16d21e352f04,1,skill-v1-user,845,0
0xdf595fd754e21ad3,1,no-skill,487,0
0xdf595fd754e21ad3,1,skill-v1-sys,811,0
0xdf595fd754e21ad3,1,skill-v1-user,832,0
0x14de6480b6c4d2ce,1,no-skill,588,0
0x14de6480b6c4d2ce,1,skill-v1-sys,912,0
0x14de6480b6c4d2ce,1,skill-v1-user,933,0
0x45b9c868643a560c,1,no-skill,1641,0
0x45b9c868643a560c,1,skill-v1-sys,1965,0
0x45b9c868643a560c,1,skill-v1-user,1986,0
0x2975a2068e14d825,1,no-skill,783,0
0x2975a2068e14d825,1,skill-v1-sys,1107,0
0x2975a2068e14d825,1,skill-v1-user,1128,0
0x8e7f776312707e91,1,no-skill,1169,0
0x8e7f776312707e91,1,skill-v1-sys,1493,0
0x8e7f776312707e91,1,skill-v1-user,1514,0
0x1a03d952b325ccfb,1,no-skill,494,0
0x1a03d952b325ccfb,1,skill-v1-sys,818,0
0x1a03d952b325ccfb,1,skill-v1-user,839,0
0x10d5d025717c058e,1,no-skill,443,0
0x10d5d025717c058e,1,skill-v1-sys,767,0
0x10d5d025717c058e,1,skill-v1-user,788,0
0xc87018af8f89838,1,no-skill,1101,0
0xc87018af8f89838,1,skill-v1-sys,1425,0
0xc87018af8f89838,1,skill-v1-user,1446,0
0xf4f8701689c10c55,1,no-skill,401,0
0xf4f8701689c10c55,1,skill-v1-sys,725,0
0xf4f8701689c10c55,1,skill-v1-user,746,0
0xcd9209dddef3598d,1,no-skill,506,0
0xcd9209dddef3598d,1,skill-v1-sys,830,0
0xcd9209dddef3598d,1,skill-v1-user,851,0
0x799872f0a75c3032,1,no-skill,643,0
0x799872f0a75c3032,1,skill-v1-sys,967,0
0x799872f0a75c3032,1,skill-v1-user,988,0
0xab41f9e9311e1014,1,no-skill,3629,0
0xab41f9e9311e1014,1,skill-v1-sys,3953,0
0xab41f9e9311e1014,1,skill-v1-user,3974,0
0x324d824cebbc01f8,1,no-skill,896,0
0x324d824cebbc01f8,1,skill-v1-sys,1220,0
0x324d824cebbc01f8,1,skill-v1-user,1241,0
0x813ad343ef45937e,1,no-skill,594,0
0x813ad343ef45937e,1,skill-v1-sys,918,0
0x813ad343ef45937e,1,skill-v1-user,939,0
0xd423e4daee16c8b0,1,no-skill,418,0
0xd423e4daee16c8b0,1,skill-v1-sys,742,0
0xd423e4daee16c8b0,1,skill-v1-user,763,0
0x811c68eeeb582089,1,no-skill,346,0
0x811c68eeeb582089,1,skill-v1-sys,670,0
0x811c68eeeb582089,1,skill-v1-user,691,0
0x94f3c9f77e8f25e0,1,no-skill,594,0
0x94f3c9f77e8f25e0,1,skill-v1-sys,918,0
0x94f3c9f77e8f25e0,1,skill-v1-user,939,0
0x9e6cacb6566cf52f,1,no-skill,1525,0
0x9e6cacb6566cf52f,1,skill-v1-sys,1849,0
0x9e6cacb6566cf52f,1,skill-v1-user,1870,0
0x433f942dfd7fe257,1,no-skill,434,0
0x433f942dfd7fe257,1,skill-v1-sys,758,0
0x433f942dfd7fe257,1,skill-v1-user,779,0
0x2843348285928d3,1,no-skill,478,0
0x2843348285928d3,1,skill-v1-sys,802,0
0x2843348285928d3,1,skill-v1-user,823,0
0xdf40084740b2ebc3,1,no-skill,429,0
0xdf40084740b2ebc3,1,skill-v1-sys,753,0
0xdf40084740b2ebc3,1,skill-v1-user,774,0
0xcc9450a8ad284e2d,1,no-skill,390,0
0xcc9450a8ad284e2d,1,skill-v1-sys,714,0
0xcc9450a8ad284e2d,1,skill-v1-user,735,0
0x478f06342826576a,1,no-skill,417,0
0x478f06342826576a,1,skill-v1-sys,741,0
0x478f06342826576a,1,skill-v1-user,762,0
0x74690cbd4a1663f3,1,no-skill,569,0
0x74690cbd4a1663f3,1,skill-v1-sys,893,0
0x74690cbd4a1663f3,1,skill-v1-user,914,0
0x5b01bb78b8ab10,1,no-skill,462,0
0x5b01bb78b8ab10,1,skill-v1-sys,786,0
0x5b01bb78b8ab10,1,skill-v1-user,807,0
0x9f24438b726d0f3a,1,no-skill,487,0
0x9f24438b726d0f3a,1,skill-v1-sys,811,0
0x9f24438b726d0f3a,1,skill-v1-user,832,0
0x2fa1faa960d3ff4d,1,no-skill,388,0
0x2fa1faa960d3ff4d,1,skill-v1-sys,712,0
0x2fa1faa960d3ff4d,1,skill-v1-user,733,0
0x55e476f68ad7f863,1,no-skill,1121,0
0x55e476f68ad7f863,1,skill-v1-sys,1445,0
0x55e476f68ad7f863,1,skill-v1-user,1466,0
0x41beffd2aa999b3e,1,no-skill,502,0
0x41beffd2aa999b3e,1,skill-v1-sys,826,0
0x41beffd2aa999b3e,1,skill-v1-user,847,0
0x4542f3064ce147a6,1,no-skill,621,0
0x4542f3064ce147a6,1,skill-v1-sys,945,0
0x4542f3064ce147a6,1,skill-v1-user,966,0
0xbb10734a9975fb01,1,no-skill,446,0
0xbb10734a9975fb01,1,skill-v1-sys,770,0
0xbb10734a9975fb01,1,skill-v1-user,791,0
0x1fcfc14a402f04e7,1,no-skill,622,0
0x1fcfc14a402f04e7,1,skill-v1-sys,946,0
0x1fcfc14a402f04e7,1,skill-v1-user,967,0
0x2e3d5f395688af30,1,no-skill,840,0
0x2e3d5f395688af30,1,skill-v1-sys,1164,0
0x2e3d5f395688af30,1,skill-v1-user,1185,0
0xfeb0c1922e305d8f,1,no-skill,512,0
0xfeb0c1922e305d8f,1,skill-v1-sys,836,0
0xfeb0c1922e305d8f,1,skill-v1-user,857,0
0x2329ede555c8e5f2,1,no-skill,514,0
0x2329ede555c8e5f2,1,skill-v1-sys,838,0
0x2329ede555c8e5f2,1,skill-v1-user,859,0
0xe84176a297cdfb3d,1,no-skill,900,0
0xe84176a297cdfb3d,1,skill-v1-sys,1224,0
0xe84176a297cdfb3d,1,skill-v1-user,1245,0
0xafe1ca729efd765e,1,no-skill,362,0
0xafe1ca729efd765e,1,skill-v1-sys,686,0
0xafe1ca729efd765e,1,skill-v1-user,707,0
0xac58bb8e213a3f09,1,no-skill,319,0
0xac58bb8e213a3f09,1,skill-v1-sys,643,0
0xac58bb8e213a3f09,1,skill-v1-user,664,0
0x6164695bf25b763,1,no-skill,481,0
0x6164695bf25b763,1,skill-v1-sys,805,0
0x6164695bf25b763,1,skill-v1-user,826,0
0x4617fa8f34e19261,1,no-skill,431,0
0x4617fa8f34e19261,1,skill-v1-sys,755,0
0x4617fa8f34e19261,1,skill-v1-user,776,0
0x40ec378b39c70fbf,1,no-skill,631,0
0x40ec378b39c70fbf,1,skill-v1-sys,955,0
0x40ec378b39c70fbf,1,skill-v1-user,976,0
0x1b0485e81f5ca75b,1,no-skill,577,0
0x1b0485e81f5ca75b,1,skill-v1-sys,901,0
0x1b0485e81f5ca75b,1,skill-v1-user,922,0
0x134b1a89f66c0c38,1,no-skill,370,0
0x134b1a89f66c0c38,1,skill-v1-sys,694,0
0x134b1a89f66c0c38,1,skill-v1-user,715,0
0xed3410607170042e,1,no-skill,339,0
0xed3410607170042e,1,skill-v1-sys,663,0
0xed3410607170042e,1,skill-v1-user,684,0
0xe52e575af0779a74,1,no-skill,400,0
0xe52e575af0779a74,1,skill-v1-sys,724,0
0xe52e575af0779a74,1,skill-v1-user,745,0
0xe154b8ff442b710c,1,no-skill,440,0
0xe154b8ff442b710c,1,skill-v1-sys,764,0
0xe154b8ff442b710c,1,skill-v1-user,785,0
0x622d2eb15e3be8c4,1,no-skill,345,0
0x622d2eb15e3be8c4,1,skill-v1-sys,669,0
0x622d2eb15e3be8c4,1,skill-v1-user,690,0
0x6e1baddb5cf8d148,1,no-skill,562,0
0x6e1baddb5cf8d148,1,skill-v1-sys,886,0
0x6e1baddb5cf8d148,1,skill-v1-user,907,0
0x99df18984e03eb65,1,no-skill,432,0
0x99df18984e03eb65,1,skill-v1-sys,756,0
0x99df18984e03eb65,1,skill-v1-user,777,0
0xf386c45d4c87d45f,1,no-skill,624,0
0xf386c45d4c87d45f,1,skill-v1-sys,948,0
0xf386c45d4c87d45f,1,skill-v1-user,969,0
0x670128d13ba79bb,1,no-skill,420,0
0x670128d13ba79bb,1,skill-v1-sys,744,0
0x670128d13ba79bb,1,skill-v1-user,765,0
0x4286354eed755d39,1,no-skill,594,0
0x4286354eed755d39,1,skill-v1-sys,918,0
0x4286354eed755d39,1,skill-v1-user,939,0
0xfc5f5a15bddea08,1,no-skill,499,0
0xfc5f5a15bddea08,1,skill-v1-sys,823,0
0xfc5f5a15bddea08,1,skill-v1-user,844,0
0x787cfa6911875684,1,no-skill,375,0
0x787cfa6911875684,1,skill-v1-sys,699,0
0x787cfa6911875684,1,skill-v1-user,720,0
0x5661147f56775f96,1,no-skill,573,0
0x5661147f56775f96,1,skill-v1-sys,897,0
0x5661147f56775f96,1,skill-v1-user,918,0
0x993533ab795c8ccc,1,no-skill,931,0
0x993533ab795c8ccc,1,skill-v1-sys,1255,0
0x993533ab795c8ccc,1,skill-v1-user,1276,0
0x89779c8caf7791e5,1,no-skill,444,0
0x89779c8caf7791e5,1,skill-v1-sys,768,0
0x89779c8caf7791e5,1,skill-v1-user,789,0
0xa14be316c25754a1,1,no-skill,394,0
0xa14be316c25754a1,1,skill-v1-sys,718,0
0xa14be316c25754a1,1,skill-v1-user,739,0
0x622d5f73d9a5aa71,1,no-skill,431,0
0x622d5f73d9a5aa71,1,skill-v1-sys,755,0
0x622d5f73d9a5aa71,1,skill-v1-user,776,0
0x9dfe4359ab72831f,1,no-skill,2353,0
0x9dfe4359ab72831f,1,skill-v1-sys,2677,0
0x9dfe4359ab72831f,1,skill-v1-user,2698,0
0xefc63bf052dbd471,1,no-skill,493,0
0xefc63bf052dbd471,1,skill-v1-sys,817,0
0xefc63bf052dbd471,1,skill-v1-user,838,0
0x855c67116ddae300,1,no-skill,868,0
0x855c67116ddae300,1,skill-v1-sys,1192,0
0x855c67116ddae300,1,skill-v1-user,1213,0
0x5d2082973cd1de6,1,no-skill,536,0
0x5d2082973cd1de6,1,skill-v1-sys,860,0
0x5d2082973cd1de6,1,skill-v1-user,881,0
0xab682274c8aa69ac,1,no-skill,582,0
0xab682274c8aa69ac,1,skill-v1-sys,906,0
0xab682274c8aa69ac,1,skill-v1-user,927,0
0xcd78312ecd6c7481,1,no-skill,618,0
0xcd78312ecd6c7481,1,skill-v1-sys,942,0
0xcd78312ecd6c7481,1,skill-v1-user,963,0
0xb800c4b2ad5adf74,1,no-skill,642,0
0xb800c4b2ad5adf74,1,skill-v1-sys,966,0
0xb800c4b2ad5adf74,1,skill-v1-user,987,0
0xb6a7e9cf16afa5f2,1,no-skill,383,0
0xb6a7e9cf16afa5f2,1,skill-v1-sys,707,0
0xb6a7e9cf16afa5f2,1,skill-v1-user,728,0
0x48961e3529831a29,1,no-skill,377,0
0x48961e3529831a29,1,skill-v1-sys,701,0
0x48961e3529831a29,1,skill-v1-user,722,0
0xd062557002d21b8e,1,no-skill,425,0
0xd062557002d21b8e,1,skill-v1-sys,749,0
0xd062557002d21b8e,1,skill-v1-user,770,0
0x5bd1a9ff46fa2791,1,no-skill,687,0
0x5bd1a9ff46fa2791,1,skill-v1-sys,1011,0
0x5bd1a9ff46fa2791,1,skill-v1-user,1032,0
0xb7de9bf2ce1f8957,1,no-skill,950,0
0xb7de9bf2ce1f8957,1,skill-v1-sys,1274,0
0xb7de9bf2ce1f8957,1,skill-v1-user,1295,0
0x51d88c0fbf976cf,1,no-skill,564,0
0x51d88c0fbf976cf,1,skill-v1-sys,888,0
0x51d88c0fbf976cf,1,skill-v1-user,909,0
0x519cf83c70df824a,1,no-skill,488,0
0x519cf83c70df824a,1,skill-v1-sys,812,0
0x519cf83c70df824a,1,skill-v1-user,833,0
0x2375d5a56d1733e0,1,no-skill,383,0
0x2375d5a56d1733e0,1,skill-v1-sys,707,0
0x2375d5a56d1733e0,1,skill-v1-user,728,0
0x7a2eef1e788acd0a,1,no-skill,1244,0
0x7a2eef1e788acd0a,1,skill-v1-sys,1568,0
0x7a2eef1e788acd0a,1,skill-v1-user,1589,0
0xd7f219ef6fde3aaa,1,no-skill,566,0
0xd7f219ef6fde3aaa,1,skill-v1-sys,890,0
0xd7f219ef6fde3aaa,1,skill-v1-user,911,0
0xddd5142d310552d4,1,no-skill,642,0
0xddd5142d310552d4,1,skill-v1-sys,966,0
0xddd5142d310552d4,1,skill-v1-user,987,0
0x7cf7c7b9c6f3f50c,1,no-skill,480,0
0x7cf7c7b9c6f3f50c,1,skill-v1-sys,804,0
0x7cf7c7b9c6f3f50c,1,skill-v1-user,825,0
0xe5428bcc9f459872,1,no-skill,667,0
0xe5428bcc9f459872,1,skill-v1-sys,991,0
0xe5428bcc9f459872,1,skill-v1-user,1012,0
0xab7ba09a1a9f94dd,1,no-skill,420,0
0xab7ba09a1a9f94dd,1,skill-v1-sys,744,0
0xab7ba09a1a9f94dd,1,skill-v1-user,765,0
0x23fbd383a4651951,1,no-skill,938,0
0x23fbd383a4651951,1,skill-v1-sys,1262,0
0x23fbd383a4651951,1,skill-v1-user,1283,0
0x440adab404d75eb0,1,no-skill,377,0
0x440adab404d75eb0,1,skill-v1-sys,701,0
0x440adab404d75eb0,1,skill-v1-user,722,0
0x7a1445091cb93b16,1,no-skill,532,0
0x7a1445091cb93b16,1,skill-v1-sys,856,0
0x7a1445091cb93b16,1,skill-v1-user,877,0
0x52061587acc7238c,1,no-skill,433,0
0x52061587acc7238c,1,skill-v1-sys,757,0
0x52061587acc7238c,1,skill-v1-user,778,0
0x1e52f1c6283a59d3,1,no-skill,573,0
0x1e52f1c6283a59d3,1,skill-v1-sys,897,0
0x1e52f1c6283a59d3,1,skill-v1-user,918,0
0x2b25936df36265ba,1,no-skill,444,0
0x2b25936df36265ba,1,skill-v1-sys,768,0
0x2b25936df36265ba,1,skill-v1-user,789,0
0xd2cc2407317e92ed,1,no-skill,439,0
0xd2cc2407317e92ed,1,skill-v1-sys,763,0
0xd2cc2407317e92ed,1,skill-v1-user,784,0
0x3eebc34f60c8bcad,1,no-skill,382,0
0x3eebc34f60c8bcad,1,skill-v1-sys,706,0
0x3eebc34f60c8bcad,1,skill-v1-user,727,0
0xda0015ed91d423e2,1,no-skill,550,0
0xda0015ed91d423e2,1,skill-v1-sys,874,0
0xda0015ed91d423e2,1,skill-v1-user,895,0
0xe59583a147d4a52f,1,no-skill,470,0
0xe59583a147d4a52f,1,skill-v1-sys,794,0
0xe59583a147d4a52f,1,skill-v1-user,815,0
0xd8518c340e06f1d5,1,no-skill,1063,0
0xd8518c340e06f1d5,1,skill-v1-sys,1387,0
0xd8518c340e06f1d5,1,skill-v1-user,1408,0
0x8b9e40ff41772fe7,1,no-skill,499,0
0x8b9e40ff41772fe7,1,skill-v1-sys,823,0
0x8b9e40ff41772fe7,1,skill-v1-user,844,0
0x3aca061bb64b466c,1,no-skill,454,0
0x3aca061bb64b466c,1,skill-v1-sys,778,0
0x3aca061bb64b466c,1,skill-v1-user,799,0
0x2907d3700a9ef3ec,1,no-skill,529,0
0x2907d3700a9ef3ec,1,skill-v1-sys,853,0
0x2907d3700a9ef3ec,1,skill-v1-user,874,0
0xd0b6b55c1b35d7b9,1,no-skill,504,0
0xd0b6b55c1b35d7b9,1,skill-v1-sys,828,0
0xd0b6b55c1b35d7b9,1,skill-v1-user,849,0
0x2cb8c657336a205c,1,no-skill,639,0
0x2cb8c657336a205c,1,skill-v1-sys,963,0
0x2cb8c657336a205c,1,skill-v1-user,984,0
0xb091051d7da67a2,1,no-skill,1073,0
0xb091051d7da67a2,1,skill-v1-sys,1397,0
0xb091051d7da67a2,1,skill-v1-user,1418,0
0x21b50431fa893d52,1,no-skill,446,0
0x21b50431fa893d52,1,skill-v1-sys,770,0
0x21b50431fa893d52,1,skill-v1-user,791,0
0x50dd2131f6b51363,1,no-skill,605,0
0x50dd2131f6b51363,1,skill-v1-sys,929,0
0x50dd2131f6b51363,1,skill-v1-user,950,0
0x27acadc062b8b2af,1,no-skill,4993,0
0x27acadc062b8b2af,1,skill-v1-sys,5317,0
0x27acadc062b8b2af,1,skill-v1-user,5338,0
0xfc385e6f069dece0,1,no-skill,594,0
0xfc385e6f069dece0,1,skill-v1-sys,918,0
0xfc385e6f069dece0,1,skill-v1-user,939,0
0x3aaf67613ca2c213,1,no-skill,451,0
0x3aaf67613ca2c213,1,skill-v1-sys,775,0
0x3aaf67613ca2c213,1,skill-v1-user,796,0
0xc1269dbb052e194f,1,no-skill,1755,0
0xc1269dbb052e194f,1,skill-v1-sys,2079,0
0xc1269dbb052e194f,1,skill-v1-user,2100,0
0x87af92adc86c02fc,1,no-skill,469,0
0x87af92adc86c02fc,1,skill-v1-sys,793,0
0x87af92adc86c02fc,1,skill-v1-user,814,0
0x9d931af98aba9842,1,no-skill,704,0
0x9d931af98aba9842,1,skill-v1-sys,1028,0
0x9d931af98aba9842,1,skill-v1-user,1049,0
0xd628f5109385b72a,1,no-skill,756,0
0xd628f5109385b72a,1,skill-v1-sys,1080,0
0xd628f5109385b72a,1,skill-v1-user,1101,0
0x14056f5f2b173955,1,no-skill,551,0
0x14056f5f2b173955,1,skill-v1-sys,875,0
0x14056f5f2b173955,1,skill-v1-user,896,0
0xf996769d93c5d56f,1,no-skill,414,0
0xf996769d93c5d56f,1,skill-v1-sys,738,0
0xf996769d93c5d56f,1,skill-v1-user,759,0
0xf1de82ecbb1c4ac4,1,no-skill,1115,0
0xf1de82ecbb1c4ac4,1,skill-v1-sys,1439,0
0xf1de82ecbb1c4ac4,1,skill-v1-user,1460,0
0x508e2bf8c0941ce,1,no-skill,659,0
0x508e2bf8c0941ce,1,skill-v1-sys,983,0
0x508e2bf8c0941ce,1,skill-v1-user,1004,0
0x6590853dd2b42857,1,no-skill,1884,0
0x6590853dd2b42857,1,skill-v1-sys,2208,0
0x6590853dd2b42857,1,skill-v1-user,2229,0
0xb49c4a186c10038d,1,no-skill,929,0
0xb49c4a186c10038d,1,skill-v1-sys,1253,0
0xb49c4a186c10038d,1,skill-v1-user,1274,0
0xeade8e2d7cd4999b,1,no-skill,394,0
0xeade8e2d7cd4999b,1,skill-v1-sys,718,0
0xeade8e2d7cd4999b,1,skill-v1-user,739,0
0xcebc981d7eb897a0,1,no-skill,479,0
0xcebc981d7eb897a0,1,skill-v1-sys,803,0
0xcebc981d7eb897a0,1,skill-v1-user,824,0
0xcc66e1d5832a7ac3,1,no-skill,452,0
0xcc66e1d5832a7ac3,1,skill-v1-sys,776,0
0xcc66e1d5832a7ac3,1,skill-v1-user,797,0
0xbb7ca9db9cf58de8,1,no-skill,531,0
0xbb7ca9db9cf58de8,1,skill-v1-sys,855,0
0xbb7ca9db9cf58de8,1,skill-v1-user,876,0
0xdf79883bb23f63a0,1,no-skill,765,0
0xdf79883bb23f63a0,1,skill-v1-sys,1089,0
0xdf79883bb23f63a0,1,skill-v1-user,1110,0
0x687bfa29e28a2386,1,no-skill,552,0
0x687bfa29e28a2386,1,skill-v1-sys,876,0
0x687bfa29e28a2386,1,skill-v1-user,897,0
0x9a4acc884241f882,1,no-skill,1075,0
0x9a4acc884241f882,1,skill-v1-sys,1399,0
0x9a4acc884241f882,1,skill-v1-user,1420,0
0x897d31aaf07c35cb,1,no-skill,772,0
0x897d31aaf07c35cb,1,skill-v1-sys,1096,0
0x897d31aaf07c35cb,1,skill-v1-user,1117,0
0xf0cdd90be409776,1,no-skill,474,0
0xf0cdd90be409776,1,skill-v1-sys,798,0
0xf0cdd90be409776,1,skill-v1-user,819,0
0x42156a1d040c0440,1,no-skill,504,0
0x42156a1d040c0440,1,skill-v1-sys,828,0
0x42156a1d040c0440,1,skill-v1-user,849,0
0x20d3366de7c6bea1,1,no-skill,469,0
0x20d3366de7c6bea1,1,skill-v1-sys,793,0
0x20d3366de7c6bea1,1,skill-v1-user,814,0
0x1ddd6b937371164e,1,no-skill,456,0
0x1ddd6b937371164e,1,skill-v1-sys,780,0
0x1ddd6b937371164e,1,skill-v1-user,801,0
0x9d2511ebdc542047,1,no-skill,509,0
0x9d2511ebdc542047,1,skill-v1-sys,833,0
0x9d2511ebdc542047,1,skill-v1-user,854,0
0x28b3c00c7794a4c9,1,no-skill,814,0
0x28b3c00c7794a4c9,1,skill-v1-sys,1138,0
0x28b3c00c7794a4c9,1,skill-v1-user,1159,0
0xe1121454f7950c82,1,no-skill,651,0
0xe1121454f7950c82,1,skill-v1-sys,975,0
0xe1121454f7950c82,1,skill-v1-user,996,0
0xc357517d61d4695e,1,no-skill,792,0
0xc357517d61d4695e,1,skill-v1-sys,1116,0
0xc357517d61d4695e,1,skill-v1-user,1137,0
0x8bfd92a53ac7ed6e,1,no-skill,388,0
0x8bfd92a53ac7ed6e,1,skill-v1-sys,712,0
0x8bfd92a53ac7ed6e,1,skill-v1-user,733,0
0x6df341733e32b840,1,no-skill,524,0
0x6df341733e32b840,1,skill-v1-sys,848,0
0x6df341733e32b840,1,skill-v1-user,869,0
0xa5fdb4d4ab77462e,1,no-skill,466,0
0xa5fdb4d4ab77462e,1,skill-v1-sys,790,0
0xa5fdb4d4ab77462e,1,skill-v1-user,811,0
0xc672132462d32202,1,no-skill,355,0
0xc672132462d32202,1,skill-v1-sys,679,0
0xc672132462d32202,1,skill-v1-user,700,0
0x55a456f58710ebfa,1,no-skill,463,0
0x55a456f58710ebfa,1,skill-v1-sys,787,0
0x55a456f58710ebfa,1,skill-v1-user,808,0
0x4f17aa562f7b9e2d,1,no-skill,482,0
0x4f17aa562f7b9e2d,1,skill-v1-sys,806,0
0x4f17aa562f7b9e2d,1,skill-v1-user,827,0
